elapsed_time,x,y,z,pitch,roll,yaw,x_speed,y_speed,z_speed,pitch_speed,roll_speed,yaw_speed,control_x,control_y,control_z,control_yaw
0.00,-0.21866445314418081,-0.9131138658949043,0.997810186065593,0.006806032985344718,-0.0780572978325316,3.1349150140757276,0.0,0.0,0.0,0.0,0.0,0.0,0,20,0,0
0.04,-0.21367598399708237,-0.906727049723655,0.9979223154259244,0.006435825690317843,-0.07706265811447258,3.135272999527914,0.11347106218030921,0.14527880067646878,0.0025505695721895027,-0.008420983222484725,0.022624741572377444,0.008142976994915977,0,20,0,0
0.08,-0.21367598399708237,-0.906727049723655,0.9979223154259244,0.006435825690317843,-0.07706265811447258,3.135272999527914,0.0,0.0,0.0,0.0,0.0,0.0,0,20,0,0
0.12,-0.2086597557516016,-0.9001266413496375,0.9983048002954072,0.006355353124860006,-0.07557381484985223,3.134612853338607,0.12652269933389687,0.16647996130142503,0.009647291904021065,-0.002029733438310348,0.037552611146545296,-0.016650653387099253,0,20,0,0
0.16,-0.20554125801328563,-0.8958693194503425,0.9985837130075587,0.006040505351997753,-0.07483096227317039,3.1330591706220408,0.07735070898000337,0.10559791761926692,0.006918105395227187,-0.007809432776700281,0.018425594082679155,-0.03853729254948242,0,20,0,0
0.20,-0.2029352716099664,-0.8923586233510107,0.9989450843375731,0.008212453234326404,-0.07083475004074523,3.135031221648392,0.06519946550659374,0.08783449865316982,0.009041189753077756,0.05434020716901642,0.09998168112971406,0.049338965355336294,0,20,0,0
0.24,-0.20120682649421803,-0.8898602583520946,0.999098675962003,0.0074094017919581825,-0.07444645126344675,3.1345647340138836,0.04325086961283326,0.06251656927307186,0.0038433221056963815,-0.020094750426152316,-0.09037557353734009,-0.011672916699698572,0,20,0,0
0.28,-0.19880222642853906,-0.886302165693939,0.9991260930899304,0.0071614851246455495,-0.07302270439642732,3.1331879783175998,0.06016382921256509,0.08902456673072863,0.0006859849276676331,-0.006202950854088895,0.035622582138246386,-0.03444684867180076,0,20,0,0
0.32,-0.19771154383729364,-0.8845501008322845,0.9992494957587849,0.005655067981072572,-0.07327685616633267,3.1327554638410926,0.027290188839653066,0.04383876786671387,0.0030876830375646614,-0.03769236682548896,-0.006359182635095827,-0.010822031849143326,0,20,0,0
0.36,-0.19771154383729364,-0.8845501008322845,0.9992494957587849,0.005655067981072572,-0.07327685616633267,3.1327554638410926,0.0,0.0,0.0,0.0,0.0,0.0,0,20,0,0
0.40,-0.19112927962326612,-0.8750013234803198,0.9993652026298607,0.007705828358375053,-0.07308605795913045,3.1320288906668967,0.16682790970917827,0.24201437592124442,0.0029325980867556034,0.05197665361573834,0.0048357928288522345,-0.01841504381479328,0,20,0,0
0.44,-0.1888366692391002,-0.8715638320130659,0.9993687376143754,0.008055888497991754,-0.0734602609635091,3.1320401734688983,0.05662043387101685,0.08489547968903777,8.730325847337705e-05,0.008645410106723084,-0.009241664702424202,0.0002786505500552017,0,20,0,0
0.48,-0.18649477416937013,-0.8681516687053696,0.9993970781690003,0.00822049600528174,-0.07283304489700503,3.1324922533549318,0.05946363732345217,0.08663908303996991,0.0007196020366328804,0.004179589957178308,0.015925798377610396,0.011478872273905923,0,20,0,0
0.52,-0.18427465253447045,-0.8647336989808786,0.999469409095711,0.007661059773642429,-0.07444513344158617,3.1335581977255216,0.054804368485538116,0.084373607873014,0.001785510621600144,-0.013809851181557904,-0.03979488927079978,0.026313156519250504,0,0,0,0
0.56,-0.18261014930396965,-0.8621690753952556,0.9995273766293906,0.007700115335825499,-0.07411236789306568,3.1334822616177793,0.041492425665955936,0.06393045777123853,0.0014450038535014683,0.000973569760051219,0.008295117445956164,-0.0018929211119101895,0,0,0,0
0.60,-0.17976052564674966,-0.8578684351612853,0.9996688807833018,0.007003764287067018,-0.0751289144032877,3.1357657004894293,0.07223786326257409,0.10902108437229459,0.003587125512320462,-0.017652475517429968,-0.025769419628241214,0.0578850981113822,0,0,0,0
0.64,-0.17804667161013277,-0.8552618535510119,0.9997292525126781,0.006776505517092512,-0.07494614091271092,-3.13910458101365,0.042680525585417586,0.06491233835021194,0.0015034519190236383,-0.0056594806437274235,0.004551652867882074,0.20707111489499747,0,0,0,0
0.68,-0.1752514649697602,-0.8505568267932969,0.9998217441409342,0.00350669568548927,-0.07347281650872485,-3.117128536746871,0.07014908479402839,0.11807832602355706,0.002321189059714443,-0.08205982478165252,0.03697485439951396,0.5515153586291354,0,0,0,0
0.72,-0.17296723298591374,-0.8462252371658249,0.9999318766911011,0.0013254790693641707,-0.07155538895947834,-3.09899929115575,0.057149114776910745,0.10837187927384952,0.002755402163471723,-0.054571777135494465,0.047972048313488794,0.45357491902426167,0,0,0,0
0.76,-0.17078392813757184,-0.8411483870526256,1.000054807174411,-0.001333805673517225,-0.07062402142824173,-3.0829077174635042,0.05448719109528279,0.12669934869153823,0.003067888911910605,-0.06636588384448021,0.02324347911972588,0.4015859954046645,0,0,0,0
0.80,-0.1681954669630701,-0.8330130844382965,1.0001700296677096,-0.005009954651068546,-0.06960006469940577,-3.066694007647222,0.06488717925182776,0.20393461729456022,0.002888381193488062,-0.09215318352561838,0.025668402703735205,0.40644298842486654,0,0,0,0
0.84,-0.16700730385782903,-0.8293925686099594,1.0003181461503667,-0.002489916707571673,-0.06962301308915453,-3.061575654780284,0.02964420689285714,0.09033046035570344,0.0036954485766824137,0.06287396557370253,-0.0005725533898243773,0.1277009113217391,0,0,0,0
0.88,-0.16599261976705687,-0.82530521470278,1.0004387835191486,-0.004197379216169573,-0.06942017300224584,-3.06013138212898,0.025110738653344043,0.10115116288933061,0.002985454750752484,-0.04225516611890259,0.005019753889025238,0.035741915558632834,0,0,0,0
0.92,-0.16253527661588038,-0.8084305074511178,1.001162097052907,-0.005093973855541943,-0.07192133539464506,-3.051216412014345,0.0869336910822217,0.4243086448678754,0.018187467239963853,-0.02254456037395366,-0.06289085845971441,0.22416382293126005,0,0,0,0
0.96,-0.16063870998669208,-0.7967499749497009,1.0016170905727306,-0.005147180141751752,-0.07247462887790054,-3.0502261458733604,0.0469344374439987,0.2890587726068831,0.011259749362314626,-0.0013166988564016619,-0.013692383899605424,0.024506170008297974,0,0,0,0
1.00,-0.16063870998669208,-0.7967499749497009,1.0016170905727306,-0.005147180141751752,-0.07247462887790054,-3.0502261458733604,0.0,0.0,0.0,0.0,0.0,0.0,0,0,0,0
1.04,-0.1574616887389483,-0.7727828152181676,1.0023032796872513,-0.005287637248170918,-0.07204808784290445,-3.0505177274846593,0.07769455383066115,0.5861206572830099,0.01678086261903401,-0.0034349006080248035,0.01043112803479825,-0.0071306741216115325,0,0,0,0
1.08,-0.1554520546455966,-0.7573131417155544,1.0026799314577826,-0.0028629686282625622,-0.0700507505511802,-3.0492250156216643,0.051465794248843864,0.3961711419089414,0.009645876624880645,0.062094635399874816,0.05115087887963793,0.03310574944167236,0,0,0,0
1.12,-0.15436948997123487,-0.7446277495285017,1.0030620758059992,-0.005427977087026621,-0.07016469731863116,-3.051358426668483,0.027000572906302357,0.31639020254701433,0.0095311777477285,-0.0639746516179032,-0.00284198078402221,-0.05321005005331081,0,0,0,0
1.16,-0.15189787868859528,-0.7168933266321671,1.0036141810383379,-0.004689604898277099,-0.06997818194773539,-3.0621233869786435,0.06182424313704894,0.6937416560817511,0.013810216987233179,0.018469450290797187,0.004665447079017261,-0.2692719232391958,0,0,0,0
1.20,-0.15154260193302613,-0.7116938229135833,1.003632054692375,-0.004374535561373585,-0.07261998214337669,-3.064606341187654,0.008852168977465963,0.12955220062773795,0.000445344659622469,0.007850350370994658,-0.06582378770898123,-0.0618659393752368,0,0,0,0
1.24,-0.15154260193302613,-0.7116938229135833,1.003632054692375,-0.004374535561373585,-0.07261998214337669,-3.064606341187654,0.0,0.0,0.0,0.0,0.0,0.0,0,0,0,0
1.28,-0.147352209323545,-0.6539455705719699,1.0045523711261861,0.0005652861796831977,-0.0731093009963726,-3.112404736620115,0.10457727952588045,1.4411907642247848,0.022967821376253188,0.12328036228721882,-0.012211656337703672,-1.1928777625082676,0,0,0,0
1.32,-0.14648947089291847,-0.642808468004048,1.0043232959019495,0.0016188899014170533,-0.06970103854097788,-3.118229112708691,0.020617438511150887,0.26615080450253853,-0.0054743641670133925,0.025178674296671987,0.08144953222140996,-0.1391890190690046,0,0,0,0
1.36,-0.1445875423004766,-0.6095697141217737,1.0049012553474084,0.0025127103260338384,-0.0721899243058181,-3.133619311269891,0.05006160504925231,0.8748937135685726,0.01521275699204942,0.02352669036047845,-0.06551119567121459,-0.4050930434833928,0,0,0,0
1.40,-0.14317883493236014,-0.5872587417671307,1.0050272684308734,0.0013363594592263085,-0.07117172112132923,-3.1392156978827983,0.035141683462219964,0.5565706164151953,0.0031435285932719962,-0.029345306724086535,0.025400146843395963,-0.13960773637888024,0,0,0,0
1.44,-0.14226945613827388,-0.5706333584213964,1.0052387019074511,0.0007550768197919886,-0.07072724971552624,3.1407251321921628,0.02269364157187409,0.4148881556251807,0.00527634420876384,-0.014505968202755489,0.01109182976096901,-0.08096626068182913,0,0,0,0
1.48,-0.1413363050126042,-0.548652557026523,1.0057219541561535,0.0018071216406541643,-0.0746339726441241,3.1382756811226313,0.0230789884838602,0.5436361252784565,0.01195194730606761,0.026019504919696602,-0.09662230586073123,-0.06058059779430116,0,0,0,0
1.52,-0.1400702128763298,-0.5264595663987872,1.0059275729239538,-0.0008479098635364408,-0.07067103609862058,3.136141299741211,0.03223840963286122,0.565098465061588,0.005235655348162631,-0.06760486916230177,0.10090795767749047,-0.05434759391955921,0,0,0,0
1.56,-0.1388371863999152,-0.4994692320237858,1.0063165138834624,0.002171955425515821,-0.06921422595558588,3.1383123384284373,0.030474216632971323,0.6670653975994271,0.00961266548952435,0.07463589045433044,0.03600502401298123,0.053657163522946465,0,0,0,0
1.60,-0.13821365387240694,-0.4777199390476388,1.0067054929379857,0.0004714389192986977,-0.07162163249289982,3.138813286116679,0.015754064432572386,0.5495138550002419,0.009827877163633087,-0.04296495439404667,-0.060825115019740285,0.01265685719628356,0,0,0,0
1.64,-0.13753201039872445,-0.4563246938471685,1.007181480581344,-0.00016293691655026876,-0.07291490883991128,3.1405229635436367,0.01693501447220088,0.5315517585004025,0.011825621369647016,-0.015760678970310107,-0.032130658472930486,0.04247588818228543,0,0,0,0
1.68,-0.13688943092843006,-0.43484033961754615,1.0074243346954133,-0.0015443188196759242,-0.07303696929116671,-3.1410219892183524,0.01611088381527563,0.5386601204067332,0.006088887984610001,-0.03463428941417278,-0.0030603245816667635,0.041127301228086305,0,0,0,0
1.72,-0.13659375147360278,-0.4190914111114426,1.0077553275783626,-0.001585530127359763,-0.08055485563818375,3.139972660359227,0.007412272328509322,0.39480371416963483,0.008297530813063003,-0.0010331101149555397,-0.18846294535893185,-0.05491673655201552,0,0,0,0
1.76,-0.13577177724438402,-0.39242644002022165,1.00785960324892,-0.0020066845061366503,-0.07792146162026435,3.140674645172369,0.020534932381375628,0.6661563816057682,0.002605062017520268,-0.010521469387821867,0.06578864174718808,0.01753730245816123,0,0,0,0
1.80,-0.13551393513679152,-0.3765209633931581,1.0080896188251152,-0.001938795254052954,-0.07916966011875878,3.141206339990627,0.006373274381474513,0.39314744848662914,0.005685465391175141,0.001678068935762435,-0.030852646946332038,0.013142294699679525,0,0,0,0
1.84,-0.13474895396247866,-0.3500458643743192,1.008345489740662,-0.002156983471184204,-0.07687037769574685,3.140666528889027,0.019344544924426988,0.6694919555485939,0.006470363698946462,-0.005517458350615388,0.05814335518237009,-0.013650532138891407,0,0,0,0
1.88,-0.1344815613453405,-0.334327197802014,1.0086748453705219,-0.0005882544457875303,-0.08004585518175424,3.1412194245653766,0.006662899667504436,0.3916783469908403,0.008206896436298485,0.03908965106661777,-0.07912667190341668,0.013777076037255958,0,0,0,0
1.92,-0.13399909559909645,-0.31315175871824563,1.0086249099855886,-0.00249207012917277,-0.07915977213664004,3.1412648639588197,0.012106249382811185,0.5313437240556965,-0.0012530013327056626,-0.04777140682296232,0.022233997753297374,0.001140185874557003,0,0,0,0
1.96,-0.13323948724316786,-0.2867963081106879,1.0088441598374402,-0.004769631019241436,-0.07852325494955693,3.1396160381144993,0.018901561860859974,0.6558105583509739,0.005455659624349126,-0.05667322867042735,0.01583864749940023,-0.0410282265208992,0,0,0,0
2.00,-0.1332602871286519,-0.2763323915303852,1.0088477369502022,-0.0040685498262908815,-0.0831490147581401,3.140439781206683,-0.0005198334150766027,0.2615155499385073,8.939966254194892e-05,0.01752151140722348,-0.1156075844968247,0.020587093380121543,0,0,0,0
2.04,-0.13248544362444317,-0.25021501098679916,1.008705824691283,-0.0035624862348308636,-0.07958040556936515,3.1403595600795615,0.01906597680985048,0.6426502501128442,-0.003491925560311451,0.012452316689341703,0.08781001539928279,-0.0019739394355794237,0,0,0,0
2.08,-0.13212970859906745,-0.23460624561371823,1.008667010188378,-0.0035028646600668285,-0.07935806733713394,3.1407228887261,0.008905964961790108,0.3907715226034847,-0.0009717362031389962,0.0014926493539803123,0.005566324271348009,0.009096074226228483,0,0,0,0
2.12,-0.1318833221020839,-0.21909982681327672,1.0086957272998778,-0.0030468334793158822,-0.08229195327161172,3.1408029253651866,0.006111511170379217,0.3846300542915008,0.0007123156092609866,0.011311657454128574,-0.07277377973508171,0.0019852744359179597,0,0,0,0
2.16,-0.13102934484353881,-0.18809848286346587,1.008646727162575,-0.0032107910386834216,-0.08197687880625885,3.1395545543810295,0.02130918877157139,0.7735726962149068,-0.0012226943576896141,-0.004091212673556914,0.007862014113519545,-0.031150446563035117,0,0,0,0
2.20,-0.13034771275222787,-0.17277046503315624,1.0084927440649587,-0.0021419541898039496,-0.07622473135164796,3.139344898957913,0.017528952833316173,0.39417759961826476,-0.003959852374398054,0.027486368305349878,0.14792308447249708,-0.0053915302256255845,0,0,0,0
2.24,-0.13034771275222787,-0.17277046503315624,1.0084927440649587,-0.0021419541898039496,-0.07622473135164796,3.139344898957913,0.0,0.0,0.0,0.0,0.0,0.0,0,0,0,0
2.28,-0.12931829322299696,-0.12680466803758494,1.0085649240588286,-0.002476674115074487,-0.08138423523162118,3.1363291430346556,0.02565324965320738,1.1454727954471668,0.0017987335096453963,-0.00834125792550601,-0.1285754129985573,-0.0751529744634415,0,0,0,0
2.32,-0.12867445388667487,-0.10165113355543703,1.0085394871398814,-0.00156543171047806,-0.08025610980452391,3.136180924639998,0.016025980853346077,0.6261035001490217,-0.0006331573003047843,0.02268198369525185,0.028080478272904538,-0.00368934456298917,0,0,0,0
2.36,-0.12814945680824386,-0.0815993680385235,1.0084706047807785,-0.0020165053802909776,-0.08029468684848037,3.136324618889658,0.012911305591689747,0.4931350723236422,-0.0016940307380592205,-0.011093299819352906,-0.0009487290954731927,0.0035338870354731902,0,0,0,0
2.40,-0.12726581223825392,-0.06189269592925001,1.0083902795867072,0.0006732838479239275,-0.07707127836001275,3.1376750845677894,0.02256936830222849,0.5033326248476968,-0.0020516041749274335,0.06870052259546021,0.08232981431163468,0.034492553119652485,0,0,0,0
2.44,-0.12712868670326946,-0.04197150589333311,1.008151060459806,-0.001954856569129571,-0.07783633355560671,3.1358543545771203,0.0033266596095058486,0.48328721760892124,-0.005803445779617564,-0.06375857402862604,-0.018560206299384128,-0.044170831643147085,0,0,0,0
2.48,-0.12668215719486645,-0.0223096626949136,1.0080237540734434,-0.0021492805790327297,-0.07858404456350622,3.1350365167650005,0.011313490692582034,0.4981621053889222,-0.003225497061486214,-0.0049260220994591,-0.01894437292367562,-0.020721140039657786,0,0,0,0
2.52,-0.12668215719486645,-0.0223096626949136,1.0080237540734434,-0.0021492805790327297,-0.07858404456350622,3.1350365167650005,0.0,0.0,0.0,0.0,0.0,0.0,0,0,0,0
2.56,-0.12603042496023698,0.006958689777843848,1.0078591484841903,-0.001453108215314507,-0.07953225810785444,3.1337761417898893,0.018444472984280744,0.8283146172524305,-0.004658452018665343,0.019702159372712098,-0.026835099098639906,-0.03566948348307345,0,0,0,0
2.60,-0.12542062975052928,0.035993995155564625,1.0077286768987883,-0.0008508685304056575,-0.07967844789431033,3.134565041012869,0.015171466374376046,0.7223870443636156,-0.0032460820275830283,0.014983487871754892,-0.003637144723645727,0.019627504191028888,0,0,0,0
2.64,-0.12545051781101718,0.05516431216555686,1.0075985124832334,-0.0013568069352599187,-0.08275229206467298,3.1355411182307433,-0.0007430170738967218,0.47657401042146597,-0.003235886892367868,-0.012577626885458175,-0.07641575477947528,0.02426527604947627,0,0,0,0
2.68,-0.12497823644169141,0.07910969686571898,1.0074434139149082,0.001980112551417675,-0.08089829109331464,3.1368974964863,0.011895175233674326,0.6031035004679591,-0.0039064099677569445,0.08404575029364122,0.04669603306434406,0.034162594760035386,0,0,0,0
2.72,-0.12497823644169141,0.07910969686571898,1.0074434139149082,0.001980112551417675,-0.08089829109331464,3.1368974964863,0.0,0.0,0.0,0.0,0.0,0.0,0,0,0,0
2.76,-0.12475513571391068,0.10763743295011342,1.0069938776888294,0.003040223328114812,-0.08164591627279463,3.136574101103328,0.005478931998370057,0.70058725324941,-0.011039759654707765,0.026034316042085993,-0.01836026067412002,-0.007941979076069325,0,0,0,0
2.80,-0.1245536060315207,0.1265595970361927,1.0064196420749132,0.005342800644669339,-0.08049599991297383,3.1356803598785694,0.0051484130596961795,0.48339835374705326,-0.014669809920644759,0.05882319163570865,0.02937653815681266,-0.022832115542321608,0,0,0,0
2.84,-0.12471641148075903,0.1549958913728341,1.0058315588401807,0.003972245515328918,-0.08075095398382029,3.135119753839745,-0.004058649170339564,0.7089009794014294,-0.01466058749202868,-0.03416717600440451,-0.006355862982208129,-0.013975596302258374,0,0,0,0
2.88,-0.12471641148075903,0.1549958913728341,1.0058315588401807,0.003972245515328918,-0.08075095398382029,3.135119753839745,0.0,0.0,0.0,0.0,0.0,0.0,0,0,0,0
2.92,-0.12487039571399423,0.18766251400555006,1.0048033929823803,0.010415951713079281,-0.07510005890569016,3.13222836829837,-0.003826482560137408,0.811760133985586,-0.025549750394201518,0.1601250262465438,0.14042380191355633,-0.07185044933661855,0,0,0,0
2.96,-0.12487039571399423,0.18766251400555006,1.0048033929823803,0.010415951713079281,-0.07510005890569016,3.13222836829837,0.0,0.0,0.0,0.0,0.0,0.0,0,0,0,0
3.00,-0.12600840878162617,0.22946348310122736,1.00369190329259,0.012903407884705122,-0.07551982852432165,3.126875699054065,-0.028775721245642174,1.056976469521481,-0.028105052912412682,0.0628976480510924,-0.010614266107035709,-0.13534723148193453,0,0,0,0
3.04,-0.12637702420930466,0.2383701456847641,1.003383129900645,0.013922647274523619,-0.07774587941369487,3.1261905570401014,-0.00920562764378453,0.22243078595283447,-0.00771116089864891,0.025454003272838824,-0.055592343849369806,-0.017110413157101916,0,0,0,0
3.08,-0.1269871481633099,0.2520589623365078,1.0031148072072413,0.01505318485873671,-0.0782107281351119,3.126155666017942,-0.015165611833471234,0.3402575467445492,-0.006669591953502181,0.02810132933279188,-0.011554562354120675,-0.000867272453523684,0,0,0,0
3.12,-0.12832815575584808,0.27873208844217456,1.0022710312031828,0.018727450810115582,-0.0783134677044226,3.127537026909903,-0.03363951094731703,0.6691020413482043,-0.02116633215467852,0.09216988060508972,-0.0025772477991779248,0.034651783558784205,0,0,0,0
3.16,-0.12920375891055647,0.29614545775743206,1.0015876329758853,0.02257476505901681,-0.07388940561372942,3.129657515684908,-0.021832451411622083,0.43418817924954245,-0.017039978113409106,0.09592964684138401,0.11031038446775124,0.052872660291642976,0,0,0,0
3.20,-0.13056755966737565,0.31367584834753554,1.001140516939811,0.02428019634239282,-0.07929750913267379,3.1305084689622067,-0.03447167314211699,0.4431013045374105,-0.011301385319726107,0.04310678775688135,-0.13669619692731938,0.02150884803926098,0,0,0,0
3.24,-0.1320201042726111,0.33106033629322434,1.0005690182709592,0.025408684880475346,-0.0824527804936618,3.1300022487695185,-0.036001640693022634,0.43087839533259875,-0.014164721453914047,0.02796983908639154,-0.07820410155931967,-0.012546779921955785,0,0,0,0
3.28,-0.13317596960794403,0.34402226356832033,1.0003658013456567,0.0253747487515347,-0.0845885038065161,3.1321732041219397,-0.02889941700713099,0.3240793975633908,-0.005080912531678394,-0.0008484849505249389,-0.05339822619756109,0.05427911203463098,0,0,0,0
3.32,-0.13445705943678526,0.3609010341198736,0.9998534072628191,0.029371285982070842,-0.08390286712487002,3.1340676315227127,-0.03110959404744119,0.40987890783090747,-0.012442821377955389,0.0970506892166364,0.016649791724080248,0.04600369627765031,0,0,0,0
3.36,-0.13604249212773425,0.382124437176405,0.9991329706336853,0.03279087369856269,-0.08079199031437083,3.1350302275553545,-0.039550752543391916,0.5294463569532556,-0.017972261455647485,0.08530621851529821,0.0776050094257761,0.024013253734208626,0,0,0,0
3.40,-0.13783528767719924,0.3990565148841591,0.9988546170482715,0.03300935804696288,-0.08860411430326937,3.133532477799641,-0.045277913860022244,0.4276277661173804,-0.007029953675842843,0.00551792730051064,-0.1972989486384651,-0.037826390434373365,0,0,0,0
3.44,-0.13929888837142743,0.41588346150207184,0.9982984992109266,0.03436747639888358,-0.0888401292046565,3.130464233637432,-0.03700270791739682,0.4254183489388119,-0.014059754128347575,0.034335906570390755,-0.0059669215070896455,-0.07757125492028207,0,0,0,0
3.48,-0.13957818826378343,0.4199809577935416,0.9982648268103548,0.035717455993676435,-0.08871685770347235,3.1329149881309513,-0.00700865504234838,0.10282115686463826,-0.0008449635911601995,0.03387592173523776,0.0030933324788072585,0.061498386890418505,0,0,0,0
3.52,-0.14075790481052425,0.436095020094476,0.9975620706365272,0.041382190748660216,-0.07751601060677589,3.132949025814089,-0.029662317496500258,0.40516548949763354,-0.017669818066286543,0.1424318081322161,0.2816295861322331,0.0008558297896798389,0,0,0,0
3.56,-0.14378988128859124,0.4651465207284777,0.9970985103262301,0.042882763690883986,-0.08714147584081905,3.132607245471079,-0.07504754161839747,0.719083316997609,-0.011474053948413903,0.03714221107835758,-0.23824970542279075,-0.008459753794903872,0,0,0,0
3.60,-0.14467802291633383,0.4769164457174217,0.9966094076363716,0.048518578725684644,-0.07934088136110586,3.133841073557336,-0.02237399535002614,0.296507042060542,-0.01232143721986455,0.14197701745242794,0.19651197417708127,0.03108250193700567,0,0,0,0
3.64,-0.14621497122879468,0.49320691439592157,0.9962194254066759,0.05077053140293655,-0.0810658102397867,3.1349616694535336,-0.0384987814192587,0.40805743939864864,-0.009768604771369111,0.05640881556336941,-0.04320747765276125,0.02806963390847615,0,0,0,0
3.68,-0.14822878311576188,0.5096113457311456,0.99605593923885,0.04927024209296121,-0.08870140957837233,3.1337187535392372,-0.04973379605354649,0.40512951963408983,-0.004037511041048201,-0.037051664580250436,-0.1885714066489654,-0.03069548203254294,0,0,0,0
3.72,-0.14980117560794864,0.5291835853446767,0.9953374426514038,0.058852451955047916,-0.07934389206552275,3.1360778987049605,-0.04004597857493524,0.49846936570965544,-0.01829880204211749,0.2440414672191643,0.23831896151641307,0.06008313905793721,0,0,0,0
3.76,-0.15086705330929556,0.53728498870908,0.995295059004917,0.057837075014607456,-0.0841169318079574,3.135059124898325,-0.026562896123480763,0.201896273607306,-0.001056249133967426,-0.025304359178369863,-0.11894963062959434,-0.025389012984118383,0,0,0,0
3.80,-0.15200324767799012,0.5491336205591516,0.9950634945561313,0.06115151668227524,-0.08421156916531372,3.1350057592002742,-0.028114312091566337,0.2931858693101281,-0.005729895660328402,0.08201347412165737,-0.002341733310378637,-0.001320495798362948,0,0,0,0
3.84,-0.15508466626024758,0.5731458937511644,0.9947095602479457,0.0607139241973408,-0.09244244779699831,3.1320055388124453,-0.07782598866269734,0.6064670707080964,-0.00893915796276392,-0.011052074511227106,-0.20788356076058725,-0.07577520276966472,0,0,0,0
3.88,-0.15614594754844824,0.5884581586494408,0.9942055521145403,0.06978372203257029,-0.08626362370600912,3.135431835429374,-0.026774955502106228,0.38631154232722026,-0.012715568902102629,0.22882098850823687,0.15588491188049514,0.08644168183802438,0,0,0,0
3.92,-0.1582709226021872,0.6080719055890879,0.9939224355732011,0.07202891233972777,-0.09030582005163823,3.1354549692058784,-0.05296311194712199,0.4888551858711173,-0.007056427813891107,0.05595937014476733,-0.10074814628487455,0.0005765887898758862,0,0,0,0
3.96,-0.15849960047207515,0.6117668795676962,0.9936566335396528,0.07519906213024172,-0.08357280779466798,3.1369947563797185,-0.005684257183560855,0.09184615193094987,-0.006607054365787119,0.0788005709888868,0.167362820492597,0.038274566351103156,0,0,0,0
4.00,-0.16078376508556008,0.6350260583207415,0.9933197547479696,0.07964268012280522,-0.083540495979582,3.138006549493021,-0.0576439418234446,0.5869764109759467,-0.008501585811589754,0.11214062924218904,0.000815431767933875,0.025533949268042304,0,0,0,0
4.04,-0.16078376508556008,0.6350260583207415,0.9933197547479696,0.07964268012280522,-0.083540495979582,3.138006549493021,0.0,0.0,0.0,0.0,0.0,0.0,0,0,0,0
4.08,-0.16078376508556008,0.6350260583207415,0.9933197547479696,0.07964268012280522,-0.083540495979582,3.138006549493021,0.0,0.0,0.0,0.0,0.0,0.0,0,0,0,0
4.12,-0.16078376508556008,0.6350260583207415,0.9933197547479696,0.07964268012280522,-0.083540495979582,3.138006549493021,0.0,0.0,0.0,0.0,0.0,0.0,0,0,0,0
4.16,-0.16078376508556008,0.6350260583207415,0.9933197547479696,0.07964268012280522,-0.083540495979582,3.138006549493021,0.0,0.0,0.0,0.0,0.0,0.0,0,0,0,0
4.20,-0.16900355620465543,0.7189827474144709,0.9916444617378042,0.09849544182138965,-0.08089581831046298,3.133311517259091,-0.20651170300567906,2.109304067737983,-0.04208958689461845,0.47365144300204554,0.06644413239189073,-0.11795665951206913,0,0,0,0
4.24,-0.17016510662653053,0.7302032240296442,0.9914484372785811,0.10152629790723806,-0.08214091302754015,3.132808882397156,-0.029085770118819746,0.2809660237785326,-0.0049085448649091035,0.07589406513572057,-0.031177758653474403,-0.012586213885012769,0,0,0,0
4.28,-0.17182778996663095,0.7450219727624245,0.9912606983482631,0.10476822309497617,-0.08440104367728349,3.133009113876135,-0.04127509859857447,0.36786638820598766,-0.004660504302158712,0.0804788131004013,-0.05610636322860041,0.004970624194081672,0,0,0,0
4.32,-0.17275439481573118,0.7558590527888295,0.9910212252542386,0.10940754367387442,-0.08282075737826936,3.133463948659903,-0.023311734406212325,0.2726417108217537,-0.006024718272037875,0.11671707661099498,0.03975720019614181,0.011442836380792607,0,0,0,0
4.36,-0.1748837233952163,0.7740843495553357,0.9908350763766128,0.11255065085645274,-0.08398088873739101,3.132709921098908,-0.05323865982086212,0.4556790267291228,-0.0046541979793235,0.07858571743505098,-0.029006250782923942,-0.018852617300178343,0,0,0,0
4.40,-0.17638779024305878,0.7882758956384962,0.9908668179443851,0.11444574711511153,-0.08421184388881674,3.1311657603467755,-0.03726651896062253,0.35162634024364553,0.0007864661992405666,0.04695512088230568,-0.005722414892666751,-0.0382599324159964,0,0,0,0
4.44,-0.17792475256332613,0.8025933918570081,0.9908263509263112,0.12184440685686398,-0.08231451407804187,3.1336292440989224,-0.03820208482371004,0.3558696252928299,-0.0010058310712220888,0.18389795462717134,0.04715922662122745,0.06123130933032708,0,0,0,0
4.48,-0.1791271132021655,0.8130995573830956,0.9907378495691986,0.12547786276327,-0.07939202783336637,3.133590834694773,-0.030442818817958687,0.26600778772240824,-0.0022407842478296973,0.09199622498332317,0.0739950364064751,-0.0009724956836157641,0,0,0,0
4.52,-0.18127200086559966,0.8305943500789564,0.990934376911664,0.12939876924397686,-0.08212844155969556,3.1331847931568446,-0.05384110902084219,0.43915541913591444,0.004933242076795306,0.09842284837904558,-0.06868963455621199,-0.010192480978514006,0,0,0,0
4.56,-0.18295939857476015,0.8445569814886185,0.9911476140874187,0.1317818178500051,-0.08626082088872468,3.132883067229148,-0.04159027661071904,0.3441451291469821,0.005255781180205386,0.05873639045700274,-0.10185316622258865,-0.0074368151179764145,0,0,0,0
4.60,-0.18338620925730117,0.8480644858728543,0.9910694965763708,0.13343601676434919,-0.08669377259209722,3.1298253482472522,-0.010723520285999943,0.08812524136851188,-0.0019626845078640313,0.04156136746493689,-0.010877812022728452,-0.07682448652886287,0,0,0,0
4.64,-0.18603467741514662,0.8682836670602385,0.9912536467177349,0.1400996774055654,-0.08257674015941707,3.1331769836844283,-0.06637635094244476,0.5067364930505646,0.004615201573435855,0.16700577500714467,0.10318175386911779,0.08399924664003343,0,0,0,0
4.68,-0.1879655302652524,0.8849808290870284,0.9914783877397078,0.1484835129824988,-0.07608807588211591,3.1360462302938603,-0.04839858623094375,0.41852958195201556,0.005633338517220399,0.21014847873779546,0.1626442830852703,0.07192028094571276,0,0,0,0
4.72,-0.18938066734501383,0.8950102816187846,0.9915356035469928,0.14927810286088378,-0.07846452943117656,3.1359948163913813,-0.03491171434397957,0.24742859672237946,0.0014115253910465054,0.01960269097003011,-0.058627583605206944,-0.001268391240909321,0,0,0,0
4.76,-0.19165130699494934,0.9115262017299252,0.9917359892441486,0.15437053670243844,-0.07896978126456553,3.1370583731681294,-0.05729813954470214,0.4167686824565758,0.005056604925719883,0.12850431149823785,-0.012749706918735356,0.02683817514133323,0,0,0,0
4.80,-0.19165130699494934,0.9115262017299252,0.9917359892441486,0.15437053670243844,-0.07896978126456553,3.1370583731681294,0.0,0.0,0.0,0.0,0.0,0.0,0,0,0,0
4.84,-0.19441623002864514,0.9313006927695959,0.9922197263568415,0.15728547347282928,-0.08377345787726338,3.1372666100398163,-0.06930448710010831,0.4956597136587241,0.012125166624134265,0.07306467317144488,-0.1204070926317288,0.005219584564096295,0,0,0,0
4.88,-0.1971827913261219,0.9508965376056902,0.9928325263748036,0.16347772676209518,-0.08282311534767899,3.138628853469041,-0.0678390351083724,0.4805110253752395,0.015026510336443229,0.15184065817503237,0.023303412900431777,0.033403662483677946,0,0,0,0
4.92,-0.1992138631298259,0.9637770133188664,0.9931894428640928,0.16823169045431607,-0.08216905510479597,3.1377111260166957,-0.05101309973689542,0.32351046920972604,0.008964437610059602,0.11940219126403098,0.01642760258070727,-0.02304995912621175,0,0,0,0
4.96,-0.20120293011299167,0.9768330805964012,0.9939422846212997,0.17161360828126127,-0.08143707018301766,3.1373791783699843,-0.049903405973035775,0.3275617318452966,0.018887934977209808,0.08484843382040413,0.01836466093238619,-0.008328185182214383,0,0,0,0
5.00,-0.20120293011299167,0.9768330805964012,0.9939422846212997,0.17161360828126127,-0.08143707018301766,3.1373791783699843,0.0,0.0,0.0,0.0,0.0,0.0,0,0,0,0
5.04,-0.205196183098131,1.0022369942004978,0.9951814671239008,0.17835834421641597,-0.0807808135084171,3.1337970825947363,-0.10048425725982318,0.6392516075240101,0.031182180003776507,0.16972122311805188,0.016513720709517784,-0.09013809912591335,0,0,0,0
5.08,-0.2069961039327152,1.015019050920945,0.9955167817261031,0.184195537501991,-0.07188082640957855,3.134864388663336,-0.04505580283831655,0.31996175409441596,0.00839362949489325,0.146117220685859,0.22278538938156514,0.026716914917025908,0,0,0,0
5.12,-0.20945434975332006,1.027514089439413,0.9966030490129608,0.18618135270865566,-0.0858990643077396,3.1354273256737466,-0.05980366501755281,0.30397655583363237,0.026426472242217922,0.04831047668654823,-0.3410326161733126,0.013695008088447163,0,0,0,0
5.16,-0.211590724741476,1.0399975161278956,0.997287752106359,0.19053750529611027,-0.08617656467369014,3.1363945562292384,-0.053600477097649285,0.3132023310634979,0.017178825196815226,0.10929347997996842,-0.006962332030745485,0.024267284313477373,0,0,0,0
5.20,-0.211590724741476,1.0399975161278956,0.997287752106359,0.19053750529611027,-0.08617656467369014,3.1363945562292384,0.0,0.0,0.0,0.0,0.0,0.0,0,0,0,0
5.24,-0.21598139214281026,1.0645088507309817,0.9984018071003693,0.19882549620304513,-0.08628760154631215,3.1377988291174157,-0.11267272687500925,0.629006630799733,0.0285887320970195,0.21268532786515643,-0.0028494135579919372,0.03603626536127632,0,0,0,0
5.28,-0.21763557423669352,1.0736301470949505,0.9988475944008876,0.20139522640412866,-0.08697204458644696,3.137929518312559,-0.04136519369401212,0.2280910863630024,0.011147550260914376,0.06425978609140613,-0.017115479022766326,0.003268070601658968,0,0,0,0
5.32,-0.21988645592200162,1.0857348027290807,0.999364161478568,0.20707038145837794,-0.08657619498378243,3.138899972698698,-0.056170316143973546,0.302069334972601,0.01289083129169771,0.14162239430173254,0.009878350102657498,0.024217501092366936,0,0,0,0
5.36,-0.2227356025857562,1.1008899536231915,0.9999573291066433,0.2112663316210519,-0.08373611839714565,3.1378069930087116,-0.07154087193709574,0.3805394517227758,0.014894189146950385,0.10535854017662864,0.07131312612330569,-0.02744425937277577,0,0,0,0
5.40,-0.22432366536908924,1.1099215802376952,1.0003440979995388,0.21476970058665154,-0.08345011592813704,3.1391091137485345,-0.03984863020337593,0.22662702814618363,0.009705038584694691,0.08790864935652014,0.00717654663555342,0.0326735998009149,0,0,0,0
5.44,-0.22745166583531412,1.1249846560403671,1.0007278151169403,0.220607928450301,-0.08399930795120536,3.1399934465766473,-0.07630488061166399,0.36745077667923065,0.009360448998688547,0.142418546585803,-0.013397066977960358,0.021572538622910146,0,0,0,0
5.48,-0.2279679096662011,1.1280393834587703,1.0009815311515258,0.2215979325163621,-0.08538197404466717,3.1407261310104495,-0.012865771220481178,0.07612957628681347,0.006323082738511066,0.02467277100319845,-0.034458650289791046,0.018259879805075135,0,0,0,0
5.52,-0.2312777005629697,1.1457927347796801,1.000907924079851,0.2267190117106506,-0.07443389098443863,3.139736797560725,-0.08424831711442166,0.4518986300276576,-0.0018736144094082306,0.13035334176237753,0.278675481993038,-0.025182762538159664,0,0,0,0
5.56,-0.2339213894826631,1.1578146531046174,1.0014083009010246,0.22858480415221943,-0.08029134184794183,3.1398070419908786,-0.06621977444252129,0.3011279859417355,0.012533562473084191,0.04673483090876601,-0.14671887910106912,0.0017594998738147192,0,0,0,0
5.60,-0.23703689690140964,1.1724589778628338,1.0016937136458601,0.2352853252576055,-0.08550658316207223,-3.1413081197966544,-0.07797374037651031,0.3665126167941795,0.007143202141661138,0.1676981059056206,-0.13052508550676595,0.051810815268909474,0,0,0,0
5.64,-0.23829707920618012,1.178335965013296,1.0017730860974345,0.23591957333026647,-0.08778168406574657,-3.141440198358403,-0.031473446638807565,0.146779589569558,0.001982351767487753,0.01584054370156947,-0.05682135562341414,-0.00329870333013265,0,0,0,0
5.68,-0.24188553692554088,1.1961416100448163,1.0020061942401186,0.24097612099111795,-0.08865606016120924,-3.139737495183455,-0.08970457768063707,0.445107060692467,0.005827257593303096,0.12640401752302055,-0.021857729562853794,0.04256432182553118,0,0,0,0
5.72,-0.24439149302789295,1.207935706562029,1.0018537925479138,0.24304285313197543,-0.09146816061645938,3.140851367891163,-0.0625096148818272,0.29419686581025717,-0.0038015714154437386,0.051553429075488516,-0.0701462073903482,-0.0647667853844003,0,0,0,0
5.76,-0.24587420926123799,1.2168457595802002,1.0015826766356364,0.24645024119536638,-0.08094576258719081,-3.140323086215785,-0.03723327742451223,0.2237450892031071,-0.006808136141635887,0.08556473734086635,0.26423354394052007,0.0504956030221371,0,0,0,0
5.80,-0.24857725475188946,1.2287145257896912,1.0016691416655155,0.25040697525333483,-0.09044277449329965,3.141336483594812,-0.06759755611243486,0.29681320296169633,0.0021623108931125364,0.09894970448353087,-0.23750055167178397,-0.03815552411891285,0,0,0,0
5.84,-0.24857725475188946,1.2287145257896912,1.0016691416655155,0.25040697525333483,-0.09044277449329965,3.141336483594812,0.0,0.0,0.0,0.0,0.0,0.0,0,0,0,0
5.88,-0.25392089608664703,1.2552013870058873,1.0010072826328207,0.25822319749978656,-0.09004318564537739,-3.1404984855611233,-0.1322940214083533,0.6557426229158606,-0.01638582897978266,0.19350839781829146,0.00989273274344224,0.03343069570320976,0,0,0,0
5.92,-0.25392089608664703,1.2552013870058873,1.0010072826328207,0.25822319749978656,-0.09004318564537739,-3.1404984855611233,0.0,0.0,0.0,0.0,0.0,0.0,0,0,0,0
5.96,-0.2580288879913565,1.275838899748406,1.0006698560722305,0.26333146039098837,-0.08961550101343264,3.1408424955058436,-0.1032946469424989,0.5189261911801558,-0.008484524374361719,0.1284462637891881,0.010754045792743475,-0.04637521666764758,0,0,0,0
6.00,-0.26043318050195896,1.2875506040180933,1.0004333305168929,0.2678540694123465,-0.09071237144193349,3.141014710269877,-0.06015362224721594,0.29301818784659284,-0.005917694641915875,0.11315233626646247,-0.02744288771820363,0.004308686158347579,0,0,0,0
6.04,-0.2633290067031195,1.30224210294078,1.0002235711239424,0.2727137119984237,-0.09309605153665448,3.139433558284983,-0.07242939770553738,0.36745866099813135,-0.00524642897712228,0.12154769006257754,-0.059619777427985764,-0.03954722348353642,0,0,0,0
6.08,-0.26489186745319465,1.313769748596495,0.9997565419632867,0.27837994563808466,-0.07601003716815556,3.140257534926978,-0.03914668913397,0.2887455973983151,-0.011698192156794004,0.14192837515535686,0.4279721613010003,0.020639047628698528,0,0,0,0
6.12,-0.26569768896482404,1.3169716108251572,0.9999054154898717,0.2726838459332849,-0.08490107567221704,3.136364742116857,-0.01992384056445273,0.07916566092188125,0.003680880151672297,-0.1408353844118425,-0.2198298643692728,-0.09624883696946004,0,0,0,0
6.16,-0.2678505230543106,1.3285300836347613,0.9997441481259925,0.2781799314797692,-0.08688521159893568,3.1391687239119146,-0.05459076836916381,0.2930954665442226,-0.004089358000239552,0.13936769882568625,-0.05031298292673613,0.07110233038062794,0,0,0,0
6.20,-0.27024161660722557,1.3431095488135996,0.9995635777960239,0.28085438820386394,-0.08636219653246709,3.138998762196609,-0.05955093672207929,0.3631061642269576,-0.0044971608412139865,0.06660818559288274,0.013025854672225515,-0.004232949957565215,0,0,0,0
6.24,-0.27316265978616056,1.3604218171811013,0.9998354516299992,0.2877395225810325,-0.08875587613761464,3.1399075770549363,-0.0736145495104863,0.43629441908590433,0.006851617242809236,0.17351543077128492,-0.06032421809992611,0.02290346026606823,0,0,0,0
6.28,-0.2748236484996858,1.3719403676589605,0.9999458744722984,0.29017013968415817,-0.08806818676760021,3.141503456041197,-0.041306618156825584,0.28645129400020636,0.0027460717496177265,0.06044627019239109,0.017101935724418597,0.03968742434743156,0,0,0,0
6.32,-0.2748236484996858,1.3719403676589605,0.9999458744722984,0.29017013968415817,-0.08806818676760021,3.141503456041197,0.0,0.0,0.0,0.0,0.0,0.0,0,0,0,0
6.36,-0.277526550454786,1.3920909339323837,1.000216171073645,0.2982613184670099,-0.08515906562723585,-3.1369618619311876,-0.06875992407511504,0.5126162287968693,0.006876155367486851,0.20583389557925724,0.07400599505998359,0.12007320462000062,0,0,0,0
6.40,-0.27959042355409347,1.4067451545775362,1.000386947562437,0.30026913553213735,-0.0848502484015702,-3.137972228898932,-0.050974627228345386,0.36193767676861305,0.004217927865068708,0.049590125706821676,0.0076273308495958215,-0.02495457669460104,0,0,0,0
6.44,-0.27959042355409347,1.4067451545775362,1.000386947562437,0.30026913553213735,-0.0848502484015702,-3.137972228898932,0.0,0.0,0.0,0.0,0.0,0.0,0,0,0,0
6.48,-0.28121245140177115,1.4270401357669769,1.0007716337930186,0.31103467420925207,-0.07320659312102998,-3.132424420430568,-0.040189258626933136,0.5028521853178771,0.00953143587096876,0.26673957464557135,0.2884968184131176,0.13745898978675736,0,0,0,0
6.52,-0.28284825093714266,1.438906199906794,1.0010861021804667,0.3115343034077433,-0.07551178678763278,-3.1333158756662325,-0.04072559229777943,0.29542280694421386,0.00782914474593136,0.012438990596239916,-0.05739112611507557,-0.022194065772947368,0,0,0,0
6.56,-0.28447390670489286,1.4509034461715318,1.0011581440140618,0.3097632748684222,-0.07442744032685794,-3.1368151613458353,-0.04122352369242237,0.3042272389084515,0.0018268432302635457,-0.044909899376605195,0.027496954092814115,-0.08873519780838718,0,0,0,0
6.60,-0.28561776487233304,1.462621545601634,1.0015015352807084,0.31216070150835334,-0.06883050542307442,-3.1344200262957287,-0.02865523620378298,0.29355467013925785,0.008602428287150205,0.060058867964556444,0.14021099490335442,0.060001460455851,0,0,0,0
6.64,-0.2875241703145921,1.4774544753626075,1.0017541855520684,0.3105700010441221,-0.08169714357906106,-3.1398419120558803,-0.047678653676286355,0.37096732174667846,0.006318710869351782,-0.03978296266659741,-0.3217909323057916,-0.13559980878166542,0,0,0,0
6.68,-0.2886517462677107,1.4893060485438983,1.0018623220313376,0.3171776243664337,-0.07743183550215166,-3.1400902122261027,-0.028069133250257016,0.29502525832584736,0.0026918783053385114,0.16448582376070506,0.10617777049345914,-0.006181020927912093,0,0,0,0
6.72,-0.28978663929728016,1.498284767533572,1.0018360115908114,0.3163893386538414,-0.07760689649475642,-3.1412046837894523,-0.028404690111023347,0.2247240258338623,-0.0006585113225308211,-0.019729622794164077,-0.0043815171262025195,-0.027893571085285482,0,0,0,0
6.76,-0.2913735709545212,1.5130945806871858,1.00189854714365,0.3191019030926604,-0.08087934829563154,-3.141139813578597,-0.03969651703718392,0.37046207849431145,0.0015643040627219896,0.06785381082336156,-0.08185918913020317,0.0016227046821320579,0,0,0,0
6.80,-0.2926592012743834,1.5249005482957152,1.0018651166776336,0.32005528812927997,-0.07939997497115232,-3.1415357585018775,-0.032286467641344775,0.2964872446446436,-0.0008395505633277779,0.023942679834946603,0.037152001031981935,-0.009943498341440869,0,0,0,0
6.84,-0.29336645143155415,1.5336774567184852,1.0018788641870502,0.3253865437770058,-0.07425676706402376,-3.1383823959335344,-0.017643621978361893,0.2189557015717478,0.0003429562465723079,0.13299772133634172,0.12830653362101327,0.07866627748677622,0,0,0,0
6.88,-0.29459220166205347,1.542553217341762,1.001922848201133,0.32377402914054015,-0.08028561175039986,3.141277967742524,-0.030647073064035347,0.2219180364417675,0.0010997193879368433,-0.04031722993065139,-0.1507374332859188,-0.08813312729723764,0,0,0,0
6.92,-0.29639706413245603,1.5600516439967969,1.0018810817335293,0.3269579053994619,-0.07797228845037715,3.14105885424387,-0.045306588059270764,0.43925452556404376,-0.001048443398567435,0.07992330299963804,0.058070233893591006,-0.005500299986584634,0,0,0,0
6.96,-0.2974146934774563,1.568805666772539,1.0019843010767773,0.32898770526080656,-0.07953255582928098,3.1405379050895643,-0.025115312112388728,0.21605117357505463,0.002547475693822435,0.05009589915406869,-0.03850773603618706,-0.012857137689035916,0,0,0,0
7.00,-0.2988201535045141,1.5803008247813257,1.0020060078833806,0.3311908532260511,-0.08419018189071728,3.140828752384346,-0.035271715939953645,0.28848486628225095,0.0005447585144614282,0.05529065765496662,-0.11688874833204597,0.007299163950550308,0,0,0,0
7.04,-0.3001436978357836,1.5946520336847965,1.001890322151547,0.3289603070032531,-0.07344509384386025,3.1373590825903523,-0.032985028329467675,0.3576571037775802,-0.002883089785279198,-0.05558909407938442,0.26778629567189727,-0.0864702101356889,0,0,0,0
7.08,-0.30133095717417935,1.6004891282191964,1.0019957245531899,0.3347673548291711,-0.08483834889920465,3.140157267899528,-0.030127210309581074,0.14811875463737595,0.0026746307388256806,0.14735630663947596,-0.28910868928338823,0.0710051414787195,0,0,0,0
7.12,-0.30286443756507614,1.6148016001822987,1.00182724635058,0.3349906395013192,-0.07604117236399549,3.138252396522111,-0.03764130633546537,0.3513185723006423,-0.004135520527640512,0.005480817879533258,0.21593834444490304,-0.04675758977594882,0,0,0,0
7.16,-0.30391803632945036,1.6232940605454529,1.001893907391963,0.3360405070979523,-0.07741916570838374,3.1378600939314607,-0.02642520532562651,0.2129985497367064,0.0016719189176483277,0.026331624280358644,-0.03456131337097193,-0.00983930207423078,0,0,0,0
7.20,-0.30540904495850435,1.6342478371551865,1.002093474421168,0.3344577395311194,-0.07019561782211929,3.1348380014443396,-0.03724328507632193,0.2736098349729161,0.004984901908469583,-0.03953529346004845,0.18043400148616281,-0.07548759264812287,0,0,0,0
7.24,-0.3074420966558803,1.6481582080185229,1.0023817177408563,0.3357981737378238,-0.07783220027040591,3.1349914322556414,-0.05050035158278231,0.34552914721847217,0.007159871539141102,0.033295955434645086,-0.18969025678350276,0.0038111721036773647,0,0,0,0
7.28,-0.3092454706168973,1.6619106929238934,1.0026291362706148,0.33758927646839854,-0.07380836016436657,3.1345816295836046,-0.045215911971195004,0.34481541838152574,0.006203513360753298,0.04490823597750306,0.1008895569936231,-0.010274963454570057,0,0,0,0
7.32,-0.3112676326601168,1.6726758762546272,1.0028759971738774,0.3378672901232156,-0.07423164239308623,3.1355666026779763,-0.05076712683771794,0.2702639135252129,0.006197534381198867,0.006979635743851571,-0.01062665708003811,0.024728114238605062,0,0,0,0
7.36,-0.3130521710778123,1.6833446493895439,1.0031667677044742,0.33807836690632037,-0.07670723105484453,3.134806947051059,-0.045034395222099774,0.2692358657726256,0.007337849868620584,0.005326708115830612,-0.0624736554256666,-0.01917057733027563,0,0,0,0
7.40,-0.31481225552629116,1.694018797205372,1.0034402204909103,0.3386368959882434,-0.07440051759700445,3.1345466942840927,-0.043721227376918435,0.26515025691749505,0.0067926805801601375,0.013874093943892165,0.057299718584971925,-0.006464786624212147,0,0,0,0
7.44,-0.31690573793961524,1.7044871447725456,1.0038564500399787,0.3395665752383619,-0.07399479191712902,3.135296368179118,-0.0522368535470322,0.26120761047025254,0.010385815451924239,0.02319748115631145,0.010123721501090062,0.018705963428800675,0,0,0,0
7.48,-0.3177876454840364,1.7097785561384156,1.0039632670812542,0.33911154365948315,-0.07394555128915144,3.135512699187163,-0.022177252753104115,0.1330626640217389,0.0026861188995266267,-0.011442639763403236,0.0012382498134734885,0.005440057151224519,0,0,0,0
7.52,-0.3208351828710925,1.7253814632465587,1.0045004964470592,0.3385064145630264,-0.07497449556222624,3.138516146862613,-0.07570478224087882,0.38759645409557514,0.013345474390049282,-0.015032191785227857,-0.025560310584532096,0.07460953660733773,0,0,0,0
7.56,-0.3226606598047256,1.7357915148849918,1.0046832363731673,0.34120169382417115,-0.07309713109706865,3.139248938635514,-0.04594367427120634,0.26200058341505994,0.004599205548296855,0.06783489298740214,0.04724958167719752,0.018442931763474703,0,0,0,0
7.60,-0.3226606598047256,1.7357915148849918,1.0046832363731673,0.34120169382417115,-0.07309713109706865,3.139248938635514,0.0,0.0,0.0,0.0,0.0,0.0,0,0,0,0
7.64,-0.32659099325464086,1.7538747434543602,1.0051696321176113,0.3419214820455375,-0.07378275270937316,3.1380061258953247,-0.09773298380493411,0.4496635991404492,0.012094878976634369,0.017898494231653045,-0.0170488959233507,-0.03090419654141773,0,0,0,0
7.68,-0.32659099325464086,1.7538747434543602,1.0051696321176113,0.3419214820455375,-0.07378275270937316,3.1380061258953247,0.0,0.0,0.0,0.0,0.0,0.0,0,0,0,0
7.72,-0.3314530927367642,1.7769678838630383,1.0054276072387685,0.343078764295647,-0.07189399043158728,3.1353835903932503,-0.12214888804794101,0.5801611902073037,0.006481022099451542,0.02907401227149648,0.047450738691526516,-0.06588507631784102,0,0,0,0
7.76,-0.3340148492112468,1.7870664544708557,1.005573849951094,0.34060324299739375,-0.07882657258800939,3.133786765503467,-0.06461785056679753,0.25472675992982324,0.0036888321843489124,-0.062442650938458404,-0.17486773715140458,-0.04027837662836417,0,0,0,0
7.80,-0.33614119282907945,1.797109862968592,1.005743312999907,0.3458746630660639,-0.07520453347774907,3.1352780065712373,-0.053026842074392205,0.25046292228201295,0.004226076280186495,0.13145888422966717,0.09032655600735667,0.03718862931293563,0,0,0,0
7.84,-0.33797537370188796,1.8044653038641365,1.0058271342805198,0.34567002463086766,-0.0764727062240809,3.1352122334026706,-0.0459603083384765,0.1843102479893537,0.0021003664139165336,-0.00512776341687692,-0.03177746061576577,-0.0016481226865569095,0,0,0,0
7.88,-0.3403147652931691,1.8143353949549867,1.0060559595664966,0.3464078958577501,-0.07275056419926615,3.136233336495301,-0.05818106060479182,0.2454708181699014,0.005690923178890807,0.018350980968632906,0.09257029542744999,0.025395004896773186,0,0,0,0
7.92,-0.3434353086412872,1.826534905646396,1.0065533481059954,0.34506436818905406,-0.07993807501280462,3.1336825562586474,-0.07695410124048985,0.30084580667572414,0.012265840834267202,-0.0331320391042117,-0.1772474768362769,-0.06290346861934858,0,0,0,0
7.96,-0.3451935527325808,1.8336433828194325,1.0066675211397864,0.34598081252091223,-0.0782140746907883,3.1341821516045276,-0.04431244614680139,0.17915260655543894,0.0028774653282407684,0.023096844347776705,0.04344941171974029,0.012591136787623169,0,0,0,0
8.00,-0.3483745418031569,1.8454645258188342,1.006948823697006,0.3430098010571697,-0.08165390547188467,3.133424128495258,-0.07952764673815742,0.29553942614691114,0.0070328221508283995,-0.07427801381937385,-0.08599892710367799,-0.018951273555435424,0,0,0,0
8.04,-0.34999580292254523,1.8525117684448358,1.0074835336082535,0.3450200996160189,-0.07788700322061001,3.135884517086556,-0.04070528444410795,0.17693634431094216,0.013425054589990491,0.05047291499003615,0.09457626891659261,0.061773403589426866,0,0,0,0
8.08,-0.3527343792033566,1.8643761928774294,1.0079986554911036,0.34836343235654127,-0.07971912531233083,3.1398483029518225,-0.06790430992050084,0.2941840836584284,0.012772693689408676,0.08289953585390895,-0.045428344355464716,0.09828396811127088,0,0,0,0
8.12,-0.3551364359367785,1.8735158836557086,1.0082414674121583,0.34895765055589156,-0.07911523015517886,3.1407966140013093,-0.06137353138572895,0.23352283525688533,0.006203943832937508,0.015182517881600254,0.015429768108914072,0.024229734938940605,0,0,0,0
8.16,-0.35730666452801474,1.8824684782818262,1.0088251663589751,0.34349283250488805,-0.07722358293865078,3.136925290680482,-0.05373815418528145,0.22167983240077957,0.014453271940336854,-0.13531719018228125,0.04684005647904578,-0.09585984184144523,0,0,0,0
8.20,-0.3594250055079647,1.891560007929134,1.0092425134043548,0.3448810726474721,-0.07502702469800228,3.1383715461140405,-0.051902410510018336,0.222755594299893,0.010225604791420304,0.03401388655030676,0.05381884625486299,0.03543534488799071,0,0,0,0
8.24,-0.3613982343405095,1.8982030913918548,1.0093250934972513,0.3406381764163382,-0.07871881483228461,3.135025527398359,-0.050025517010541476,0.16841619141465994,0.002093579707427716,-0.10756637754518068,-0.09359467443201205,-0.08482863893846704,0,0,0,0
8.28,-0.36457527230838277,1.9114753631911956,1.0098227020779396,0.34390126762334033,-0.07284435827496019,3.1380006558335816,-0.0795421815994004,0.3322923630045435,0.012458419600512652,0.08169666084806554,0.14707633179255913,0.07448705639310688,0,0,0,0
8.32,-0.3667017852101546,1.9202586900741578,1.0101823948521338,0.34218506625278955,-0.07349269157101351,3.1395816864620127,-0.053428467874020724,0.22068039079488225,0.009037252402532444,-0.04311942321883957,-0.016289322604617473,0.039723269051692295,0,0,0,0
8.36,-0.36855618255257877,1.926963416868925,1.0104451256728795,0.34490820154159635,-0.08321451140615387,-3.1412088856564786,-0.0464305484871326,0.16787348396997762,0.006578275234017436,0.06818207844208954,-0.24341570002930163,0.05995956736146501,0,0,0,0
8.40,-0.3709280384495636,1.935412284665567,1.0106901777318937,0.34737200349408437,-0.07987310093366333,-3.1408732077985815,-0.05894231944630382,0.2099604218208745,0.006089719346674679,0.06122724484256615,0.08303644573058978,0.008341835419417737,0,0,0,0
8.44,-0.3731276397976682,1.9436948072370093,1.0111231323119745,0.3361990896367577,-0.07982357483829662,3.1357801787152972,-0.05520528448617444,0.20787358364443373,0.01086623300333295,-0.28041621658612864,0.0012429989582269283,-0.1639372238529643,0,0,0,0
8.48,-0.3749452816625048,1.9499834815393613,1.0113960164165734,0.33631552970852346,-0.08266509965110312,3.135297230995763,-0.04386831318943013,0.15177551704703063,0.006585986819817609,0.002810250817192282,-0.06857946157338327,-0.01165581747675888,0,0,0,0
8.52,-0.3780365423344931,1.9624292402198864,1.0118746234535605,0.33892982410733546,-0.07825864213910523,3.1402242361392814,-0.07786030326715594,0.31347422559232063,0.012054787026951754,0.06584684254084833,0.1109864727122222,0.12409762727206014,0,0,0,0
8.56,-0.3799658562203131,1.9685522077517377,1.0118593600054067,0.3340617177217778,-0.08460533199874441,3.1390603284012757,-0.04829824195619349,0.15328172855479952,-0.00038210356408978233,-0.12186766591285994,-0.1588823699008867,-0.029137144535188515,0,0,0,0
8.60,-0.38105396404836533,1.9725736117773758,1.011753442646887,0.3274001966838049,-0.0822353369210061,-3.1408458456572816,-0.027025208235908628,0.0998791465255162,-0.002630657179365979,-0.1654514273106216,0.058863293547485866,0.0814434499453083,0,0,0,0
8.64,-0.3835105807581214,1.9807583870337035,1.0115639555886917,0.32456020759281146,-0.0836750712552702,-3.1400369322703856,-0.06182748264186073,0.20599226899274298,-0.004768960397811556,-0.07147609780929395,-0.036234854711805625,0.020358519173326758,0,0,0,0
8.68,-0.3858479040900628,1.9893068000423215,1.0117517657078015,0.34064724643869465,-0.08702472985491781,-3.13353784682782,-0.05795607881891087,0.2119657521634165,0.0046569244046657625,0.39889290393574617,-0.08305786159947733,0.16115079288038153,0,0,0,0
8.72,-0.3887372748547121,1.9994025983357937,1.0114323523395385,0.32212840816046906,-0.08717475256452221,3.141292489168328,-0.07240048125392998,0.2529757219228706,-0.00800370858046682,-0.4640362600782301,-0.0037591978527877585,-0.20935490243913824,0,0,0,0
8.76,-0.39089026745057864,2.007821642527086,1.011332658984498,0.32152086491456566,-0.0871594108546961,-3.1395424355757564,-0.055816358997771286,0.21826382213364753,-0.0025845514310265352,-0.015750565972739307,0.00039773401215507004,0.060933692969446555,0,0,0,0
8.80,-0.3936555921711646,2.018345507770432,1.0111145936930195,0.32095624470368656,-0.08466267920638533,-3.1403309551027077,-0.06909982268325547,0.262969920618796,-0.005449006716051712,-0.014108707076853464,0.06238822981678283,-0.01970349416435647,0,0,0,0
8.84,-0.3948716949701213,2.0225029555090765,1.0109899657213064,0.32026156151912316,-0.08235897823597514,-3.1396192440469703,-0.02943874893414949,0.10064121247792616,-0.0030169255202613814,-0.01681650916080559,0.05576672839289721,0.017228710518126637,0,0,0,0
8.88,-0.3948716949701213,2.0225029555090765,1.0109899657213064,0.32026156151912316,-0.08235897823597514,-3.1396192440469703,0.0,0.0,0.0,0.0,0.0,0.0,0,0,0,0
8.92,-0.39934966757182905,2.039459952853692,1.010645586646746,0.3238167749302853,-0.0832911786856649,-3.140528625523897,-0.11044584369403704,0.4182316518706154,-0.008493852201301916,0.0876866786899086,-0.022992026596741807,-0.022429213707242893,0,0,0,0
8.96,-0.40172445083889713,2.0480494431940537,1.0104831231609317,0.3145638817059833,-0.0830889888157734,3.139338437527287,-0.06092646393367417,0.22036843559067176,-0.004168096451694287,-0.2373884274536673,0.005187300241890007,-0.08513150821626005,0,0,0,0
9.00,-0.405668477651793,2.0607368639806505,1.0102011435842855,0.308271165335397,-0.08552126305671907,3.1347148587688944,-0.09929738249909253,0.31942675203281057,-0.007099301096944932,-0.1584295173565573,-0.061236517169755526,-0.11640622396014366,0,0,0,0
9.04,-0.405668477651793,2.0607368639806505,1.0102011435842855,0.308271165335397,-0.08552126305671907,3.1347148587688944,0.0,0.0,0.0,0.0,0.0,0.0,0,0,0,0
9.08,-0.41010121599797517,2.077501284028061,1.0102304712604173,0.3128382466956339,-0.07970515578916132,3.135410942571798,-0.11078158696013374,0.4189710540704392,0.0007329479545158355,0.11413904484095129,0.14535430307664132,0.01739630501974904,0,0,0,0
9.12,-0.41165357287545656,2.084220737181749,1.0103878318465105,0.3273350023000087,-0.07617260551569441,3.137103323143693,-0.03917155475997171,0.16955600286566114,0.003970774313964855,0.36580535328964586,0.089138965715131,0.04270485685884401,0,0,0,0
9.16,-0.41358069250172974,2.0879185890828476,1.0099985748541052,0.3206916683258525,-0.08337960961612689,3.135726691887401,-0.04799438025910015,0.09209397686762734,-0.00969433752700869,-0.1654503916606658,-0.17948843995428154,-0.034284619953147695,0,0,0,0
9.20,-0.41638114213002597,2.097908683594268,1.0101107104071323,0.3143012674182968,-0.07702334195868649,3.1335799928927557,-0.07022435970753481,0.2505126260418001,0.0028119225328012416,-0.16024634311332792,0.1593904142618088,-0.05383084232638129,0,0,0,0
9.24,-0.4205438431050576,2.1076398678423756,1.0097447243660882,0.30105157872448435,-0.08038665735969976,3.126893471379055,-0.10382935798318872,0.2427228424423232,-0.009128711358405667,-0.33048414450312663,-0.08389045498986995,-0.16678047260002007,0,0,0,0
9.28,-0.42378046591088814,2.1173051976795154,1.0093796463691385,0.30436896063218555,-0.07081980048513045,3.1294748920421265,-0.08108238205896444,0.2421313861995679,-0.009145765634684175,0.08310552183936148,0.23966448694913922,0.06466856010562269,0,0,0,0
9.32,-0.42378046591088814,2.1173051976795154,1.0093796463691385,0.30436896063218555,-0.07081980048513045,3.1294748920421265,0.0,0.0,0.0,0.0,0.0,0.0,0,0,0,0
9.36,-0.42378046591088814,2.1173051976795154,1.0093796463691385,0.30436896063218555,-0.07081980048513045,3.1294748920421265,0.0,0.0,0.0,0.0,0.0,0.0,0,0,0,0
9.40,-0.42378046591088814,2.1173051976795154,1.0093796463691385,0.30436896063218555,-0.07081980048513045,3.1294748920421265,0.0,0.0,0.0,0.0,0.0,0.0,0,0,0,0
9.44,-0.43391571442585597,2.1435904094846276,1.0058243325635579,0.3072382182785147,-0.07212923597442226,3.12628782028159,-0.2585816943473986,0.6706174589412854,-0.09070710663147946,0.07320368145007254,-0.03340776962297965,-0.08131210740706102,0,0,0,0
9.48,-0.4379116068190539,2.15021001060088,1.0053343839195217,0.3087814939881316,-0.07325468018995616,3.128084793243219,-0.0992984373421628,0.1644979348771344,-0.01217528650509235,0.03835059888347771,-0.02796743278385805,0.044655008062690106,0,0,0,0
9.52,-0.4428622754593116,2.158192470283939,1.0046340977918775,0.31100648787014434,-0.05830883028932507,3.136624022549094,-0.12531674852596936,0.20206076500173578,-0.01772640968950821,0.05632148282287308,0.378325727210611,0.21615432768576895,0,0,0,0
9.56,-0.44409536702121044,2.1614142740837092,1.0043577859098156,0.30808483573804407,-0.06741251667540031,3.1414776344963347,-0.030719471079635356,0.08026338976717542,-0.006883637137934219,-0.072785842471099,-0.2267961595848262,0.12091591285843674,0,0,0,0
9.60,-0.45070530375795304,2.1707211857611792,1.0031187954472236,0.30232967161192736,-0.07638030960130275,3.1353679706585575,-0.16699746465479873,0.23513548098942338,-0.03130260912093209,-0.14540196918849388,-0.22656777845546672,-0.1543582656593916,0,0,0,0
9.64,-0.45461577392642305,2.176641670454124,1.0035956308885674,0.2980343469794682,-0.07436050662747712,-3.134015816699729,-0.09736836253781216,0.14741651902378322,0.011872916586346578,-0.10695100793839175,0.0502918830058103,0.34364956837374155,0,0,0,0
9.68,-0.4584358325125458,2.1813038028952683,1.002997461142343,0.2885781703225161,-0.07247860099692166,-3.1363488860388915,-0.09512394476311228,0.1160925726167604,-0.014895129123288333,-0.23546990332918205,0.046861660158997856,-0.05809616631358037,0,0,0,0
9.72,-0.46361768942591614,2.1893321316082015,1.0025427207456419,0.29425695619396014,-0.08088645030415557,3.1393536689118924,-0.1298910706531327,0.20124218586343356,-0.01139875492206668,0.14234734559121512,-0.2107554428199181,-0.18756648720334795,0,0,0,0
9.76,-0.4681322130303442,2.196968112241274,1.0024902976170218,0.2877685507602128,-0.07319467941746913,-3.135312122793029,-0.11236423869489139,0.19005574578955747,-0.0013047854997639842,-0.16149317199088656,0.1914443373494218,0.21204648690309508,0,0,0,0
9.80,-0.4681322130303442,2.196968112241274,1.0024902976170218,0.2877685507602128,-0.07319467941746913,-3.135312122793029,0.0,0.0,0.0,0.0,0.0,0.0,0,0,0,0
9.84,-0.4729636813575035,2.2049635386513726,1.002418493788122,0.288745733195172,-0.07439157927944519,-3.139120118955244,-0.12272529966011544,0.2030937668728694,-0.0018239064859305648,0.024821648209682023,-0.030402743902603176,-0.09672783478375536,0,0,0,0
9.88,-0.4784720310246783,2.2129716707866467,1.0031679203885027,0.28503437502369333,-0.07360850219341411,-3.1389328166459243,-0.13612909009851498,0.1979067791320275,0.018520748930191185,-0.09171963318229333,0.019352360986386295,0.0046288442966845745,0,0,0,0
9.92,-0.4820235536653421,2.220532457964032,1.0029740756616352,0.2866408812258583,-0.0694878441084643,-3.135204788686508,-0.08969379218094425,0.1909478672747493,-0.004895553374192057,0.04057235389254023,0.10406732191101367,0.09415143837408681,0,0,0,0
9.96,-0.48674235400834165,2.2274106866410794,1.003477943648239,0.28520551991951526,-0.07779327261575324,-3.140507591441823,-0.1177574484833815,0.17164588459351401,0.012574002746895463,-0.03581937628225374,-0.20726159160991234,-0.1323312021884804,0,0,0,0
10.00,-0.4907360650351012,2.2340893453052044,1.0034855425034883,0.28023067606811447,-0.07784012776533622,3.1378146861481646,-0.10073692520811921,0.16846174744005138,0.0001916726843236122,-0.12548491105708784,-0.0011818691105916134,-0.12266452048478685,0,0,0,0
10.04,-0.49286189442495393,2.2373979094744625,1.0038280745381887,0.28110155286622107,-0.08007839378588451,3.1352209958964457,-0.052401485193951755,0.08155578107828616,0.008443380936627543,0.02146702734451359,-0.055173037072373816,-0.06393420938289116,0,0,0,0
10.08,-0.4978811945337141,2.245608872003843,1.0044715103530637,0.2797967395702196,-0.0767278095270814,3.133314747191525,-0.1270471227558038,0.20783359070179452,0.0162864676721035,-0.033027069790303995,0.08480905313648818,-0.04825043491511099,0,0,0,0
10.12,-0.5002808148449984,2.252080684851592,1.0043922905110347,0.2767746896242046,-0.0651265576524449,3.1394678642270315,-0.0595521905607524,0.16061317291334107,-0.001966025669359609,-0.0749992377639421,0.28791219974791193,0.15270399092636955,0,0,0,0
10.16,-0.5002808148449984,2.252080684851592,1.0043922905110347,0.2767746896242046,-0.0651265576524449,3.1394678642270315,0.0,0.0,0.0,0.0,0.0,0.0,0,0,0,0
10.20,-0.5100293314513185,2.2668229888310387,1.0057539153500463,0.2741539543323174,-0.07015802212623795,3.1329723803951337,-0.2448515030417897,0.3702794418307974,0.03419965332929518,-0.06582447373349466,-0.12637426684085507,-0.1631457424191833,0,0,0,0
10.24,-0.5140552538670398,2.2729233174409544,1.006323055206281,0.2681638359700987,-0.06525990049464794,3.138607143316152,-0.10123891585348027,0.15340351627396792,0.014312024938482758,-0.1506320853220896,0.12317190260900934,0.14169604634894495,0,0,0,0
10.28,-0.5163102951912261,2.2777228003556664,1.0062781472863012,0.27625361080986044,-0.06489090128149362,3.133564030724369,-0.05599129108302444,0.1191682130360111,-0.001115036071646852,0.20086414071044598,0.009162023831463827,-0.12521738828572673,0,0,0,0
10.32,-0.5220912508061253,2.285463423122885,1.0067436006797321,0.26632956469863994,-0.07447681797810034,3.1298834913564684,-0.14474229943704447,0.19380801601631295,0.011653920032241388,-0.24847609107311155,-0.2400100809116837,-0.09215253787894714,0,0,0,0
10.36,-0.5262884114089387,2.2926960019573426,1.006779964948809,0.26299002780332775,-0.07038482590912709,3.1361190596264747,-0.10541670162771925,0.18165485601858689,0.000913332051342626,-0.08387645786818546,0.10277526828704138,0.1566137448631154,0,0,0,0
10.40,-0.5300997690360109,2.2973234510578235,1.0070211326364824,0.26293489583166396,-0.07566982009334283,3.1318209224341804,-0.09538523181414241,0.11580920720278592,0.006035601495754891,-0.0013797644860634947,-0.13226530930005143,-0.10756765766190236,0,0,0,0
10.44,-0.5330326701481504,2.301700711180032,1.0072274149946654,0.2589866993444317,-0.07237537850382751,3.1318354079174697,-0.07287865010753454,0.10876902993956931,0.005125839307418085,-0.09810737537580871,0.08186244497239516,0.0003599447877428657,0,0,0,0
10.48,-0.5376737559234727,2.308691136901337,1.006995823297095,0.25974850879356337,-0.07849304383340328,3.1305668754124527,-0.1172072074310881,0.1765380596724056,-0.005848677971172098,0.019238937276727874,-0.15449713795211398,-0.032035855324885114,0,0,0,0
