epoch,time,train/box_loss,train/pose_loss,train/kobj_loss,train/cls_loss,train/dfl_loss,metrics/precision(B),metrics/recall(B),metrics/mAP50(B),metrics/mAP50-95(B),metrics/precision(P),metrics/recall(P),metrics/mAP50(P),metrics/mAP50-95(P),val/box_loss,val/pose_loss,val/kobj_loss,val/cls_loss,val/dfl_loss,lr/pg0,lr/pg1,lr/pg2
1,6.21637,2.40015,9.62806,0.71226,3.67496,1.58714,0.92335,0.96862,0.98323,0.60508,0,0,0,0,1.39242,9.27721,0.64034,1.31838,1.09853,0.000653333,0.000653333,0.000653333
2,10.5658,1.44085,6.97899,0.64379,0.85113,1.06701,0.95391,0.9799,0.99153,0.68485,0.35787,0.38191,0.16867,0.02825,1.08238,5.26902,0.55276,0.6941,0.99783,0.00131739,0.00131739,0.00131739
3,14.8861,1.31719,5.1518,0.49722,0.77455,1.02838,0.96523,0.98995,0.98947,0.61263,0.25094,0.26131,0.07317,0.00937,1.30466,5.29765,0.33196,1.36988,1.01998,0.0019788,0.0019788,0.0019788
4,19.2011,1.21449,4.17765,0.34118,0.74805,1.00068,0.9886,0.98995,0.99475,0.73754,0.48499,0.49246,0.30288,0.07332,0.94974,4.25867,0.17988,0.94369,0.94059,0.00198812,0.00198812,0.00198812
5,23.5281,1.12574,3.38577,0.26932,0.68323,0.95776,0.98986,0.98995,0.99451,0.72849,0.81923,0.82412,0.74156,0.31392,0.96926,2.83521,0.11993,0.62782,0.92113,0.00198416,0.00198416,0.00198416
6,27.8618,1.05028,3.02682,0.24948,0.63737,0.94717,0.99416,1,0.995,0.69318,0.80604,0.81407,0.71766,0.34587,0.94605,2.40688,0.08386,0.83147,0.9249,0.0019802,0.0019802,0.0019802
7,32.1621,1.09096,2.63446,0.23571,0.62196,0.953,0.99497,0.99452,0.99495,0.7331,0.82477,0.83417,0.79016,0.50046,0.99142,2.02569,0.07152,0.55605,0.91469,0.00197624,0.00197624,0.00197624
8,36.4963,1.0241,2.54597,0.21774,0.58714,0.9389,0.99754,0.99497,0.995,0.74248,0.83744,0.82838,0.74607,0.45352,0.87369,2.03842,0.06006,0.53668,0.88462,0.00197228,0.00197228,0.00197228
9,40.8337,0.96011,2.31141,0.19057,0.56262,0.91869,0.99328,1,0.99495,0.78288,0.84944,0.85427,0.80021,0.46291,0.79947,1.99653,0.04555,0.47982,0.86889,0.00196832,0.00196832,0.00196832
10,45.1481,0.95243,2.24046,0.20605,0.55232,0.92193,0.99975,0.99497,0.995,0.77951,0.87344,0.86935,0.83278,0.50313,0.79761,1.84309,0.04465,0.47773,0.8757,0.00196436,0.00196436,0.00196436
11,49.4667,0.91622,2.15122,0.22045,0.53726,0.90249,0.99954,1,0.995,0.79127,0.90949,0.90955,0.88475,0.5725,0.79777,1.63153,0.04663,0.47543,0.87597,0.0019604,0.0019604,0.0019604
12,53.7975,0.92828,1.99568,0.20675,0.52393,0.90459,0.99955,1,0.995,0.77679,0.94921,0.94975,0.92552,0.60165,0.88141,1.52313,0.04164,0.49185,0.89895,0.00195644,0.00195644,0.00195644
13,58.1283,0.90055,1.90784,0.20201,0.51668,0.90452,0.99584,1,0.995,0.80626,0.92068,0.92462,0.8691,0.54424,0.74434,1.50478,0.0395,0.46178,0.87574,0.00195248,0.00195248,0.00195248
14,62.4581,0.85602,1.62689,0.19102,0.49868,0.89638,0.99489,1,0.995,0.78701,0.92987,0.93467,0.912,0.58976,0.87745,1.53602,0.03522,0.48387,0.90551,0.00194852,0.00194852,0.00194852
15,66.7953,0.84913,1.59029,0.17354,0.49223,0.883,1,0.99433,0.995,0.82216,0.93877,0.92965,0.92493,0.69902,0.80895,1.30356,0.04022,0.48165,0.8715,0.00194456,0.00194456,0.00194456
16,71.1346,0.88799,1.52974,0.19492,0.52064,0.90242,0.99881,1,0.995,0.75072,0.96368,0.96482,0.94166,0.66317,0.86438,1.15928,0.03493,0.52156,0.89667,0.0019406,0.0019406,0.0019406
17,75.447,0.8942,1.38353,0.19631,0.50995,0.88793,0.99439,1,0.995,0.83776,0.9494,0.95477,0.96034,0.71919,0.68951,1.22089,0.03758,0.44214,0.8427,0.00193664,0.00193664,0.00193664
18,79.7868,0.87976,1.43023,0.20509,0.50077,0.90427,0.99489,1,0.995,0.83731,0.97488,0.9799,0.96946,0.70539,0.73725,1.08865,0.03763,0.42442,0.86027,0.00193268,0.00193268,0.00193268
19,84.1184,0.86693,1.24882,0.19391,0.49008,0.891,0.99984,1,0.995,0.80976,0.97471,0.97487,0.97241,0.70224,0.77224,1.11187,0.03739,0.44742,0.86118,0.00192872,0.00192872,0.00192872
20,88.4697,0.82861,1.27478,0.20265,0.48089,0.88134,0.99964,1,0.995,0.82671,0.95946,0.9598,0.94133,0.71545,0.69457,1.02294,0.04089,0.41103,0.85175,0.00192476,0.00192476,0.00192476
21,92.8188,0.82174,1.42305,0.18525,0.47624,0.88953,0.99955,1,0.995,0.79914,0.95434,0.95477,0.93061,0.63305,0.76838,1.26994,0.03567,0.45468,0.85656,0.0019208,0.0019208,0.0019208
22,97.1575,0.83767,1.27457,0.19324,0.47183,0.88603,0.99906,1,0.995,0.81182,0.94886,0.94975,0.91542,0.65309,0.74602,1.06337,0.03916,0.46863,0.84851,0.00191684,0.00191684,0.00191684
23,101.503,0.78606,1.20303,0.20556,0.45463,0.87719,0.99887,1,0.995,0.84313,0.97378,0.97487,0.96127,0.65232,0.65746,1.21622,0.04444,0.4114,0.84074,0.00191288,0.00191288,0.00191288
24,105.824,0.76424,1.17292,0.21533,0.44258,0.87325,0.99972,1,0.995,0.80872,0.98966,0.98995,0.98588,0.72587,0.71791,1.04215,0.03899,0.41041,0.84526,0.00190892,0.00190892,0.00190892
25,110.167,0.80878,1.17498,0.16821,0.45354,0.87774,0.99979,1,0.995,0.83612,0.97968,0.9799,0.9697,0.66523,0.71228,1.0552,0.03969,0.41712,0.84504,0.00190496,0.00190496,0.00190496
26,114.5,0.80145,1.13442,0.18735,0.44973,0.87743,0.99964,1,0.995,0.81292,0.99462,0.99497,0.9941,0.75953,0.71937,0.89214,0.03825,0.3972,0.84569,0.001901,0.001901,0.001901
27,118.855,0.78446,1.15868,0.19012,0.45054,0.87457,0.9998,1,0.995,0.86636,0.97968,0.9799,0.97317,0.76989,0.65044,0.87542,0.04014,0.41601,0.83988,0.00189704,0.00189704,0.00189704
28,123.217,0.74801,1.09183,0.17242,0.43492,0.8648,0.99967,1,0.995,0.82225,0.97797,0.97487,0.97776,0.74388,0.72475,0.95557,0.04049,0.41887,0.8425,0.00189308,0.00189308,0.00189308
29,127.552,0.78067,1.09197,0.17189,0.43196,0.87811,0.99964,1,0.995,0.84539,0.97453,0.97487,0.98134,0.77883,0.67874,0.89478,0.03459,0.40201,0.83836,0.00188912,0.00188912,0.00188912
30,131.886,0.77538,1.13398,0.16536,0.43988,0.87707,0.9969,1,0.995,0.83368,0.98676,0.98995,0.986,0.75471,0.67256,0.831,0.03379,0.40056,0.8456,0.00188516,0.00188516,0.00188516
31,136.217,0.74976,1.22329,0.18407,0.44689,0.86698,0.99907,1,0.995,0.83536,0.97897,0.9799,0.9733,0.77062,0.70209,0.92578,0.03858,0.42577,0.85589,0.0018812,0.0018812,0.0018812
32,140.566,0.78023,1.02082,0.1701,0.4354,0.86452,0.9939,1,0.99495,0.76569,0.96393,0.96985,0.94716,0.65596,0.86818,1.08058,0.03338,0.48043,0.87778,0.00187724,0.00187724,0.00187724
33,144.906,0.82399,1.07892,0.17836,0.45151,0.88277,0.99964,1,0.995,0.86141,0.9695,0.96985,0.96859,0.78277,0.65557,0.88894,0.0421,0.38506,0.84418,0.00187328,0.00187328,0.00187328
34,149.261,0.74645,1.0417,0.15647,0.42107,0.86047,0.99952,1,0.995,0.85347,0.97943,0.9799,0.97585,0.77426,0.60187,0.81613,0.03821,0.36979,0.8326,0.00186932,0.00186932,0.00186932
35,153.592,0.73319,1.00731,0.15051,0.41054,0.86828,0.99944,1,0.995,0.86208,0.98497,0.98995,0.9893,0.81142,0.67241,0.84494,0.03332,0.36354,0.85538,0.00186536,0.00186536,0.00186536
36,157.944,0.72897,1.02396,0.13814,0.40572,0.85749,0.99428,1,0.99495,0.83137,0.97429,0.9799,0.97056,0.7084,0.65218,0.97598,0.03148,0.38054,0.84356,0.0018614,0.0018614,0.0018614
37,162.297,0.73105,1.00526,0.14463,0.41269,0.8692,0.99896,1,0.995,0.86596,0.98892,0.98995,0.98687,0.80122,0.65749,0.83015,0.03291,0.38436,0.85116,0.00185744,0.00185744,0.00185744
38,166.648,0.73211,0.9716,0.14828,0.41084,0.86631,0.9949,1,0.995,0.84587,0.97469,0.9799,0.97393,0.78929,0.6735,0.83646,0.03148,0.38359,0.84311,0.00185348,0.00185348,0.00185348
39,170.993,0.73317,0.91717,0.1326,0.4295,0.86278,0.99969,1,0.995,0.84901,0.97476,0.97487,0.97394,0.79063,0.65541,0.95393,0.02994,0.39542,0.84023,0.00184952,0.00184952,0.00184952
40,175.339,0.76347,1.00377,0.13539,0.43217,0.87431,0.99966,1,0.995,0.8354,0.98961,0.98995,0.99257,0.83349,0.66806,0.79545,0.02945,0.38261,0.83096,0.00184556,0.00184556,0.00184556
41,179.684,0.78078,1.0185,0.14372,0.43896,0.87312,0.99893,1,0.995,0.8502,0.9848,0.98995,0.98131,0.77099,0.67076,0.87025,0.03319,0.39094,0.84031,0.0018416,0.0018416,0.0018416
42,184.021,0.76383,1.00276,0.13659,0.42675,0.86185,0.99967,1,0.995,0.83633,0.98825,0.98492,0.99026,0.805,0.72598,0.88413,0.04043,0.39058,0.8479,0.00183764,0.00183764,0.00183764
43,188.37,0.73097,1.06849,0.13096,0.40539,0.85487,0.99952,1,0.995,0.84847,0.98445,0.98492,0.97745,0.77411,0.64875,0.82844,0.03553,0.37514,0.8267,0.00183368,0.00183368,0.00183368
44,192.71,0.71201,0.9557,0.11432,0.40132,0.85623,0.99925,1,0.995,0.86171,0.99925,1,0.995,0.82317,0.64947,0.74538,0.03111,0.36031,0.83111,0.00182972,0.00182972,0.00182972
45,197.076,0.73458,0.92185,0.10441,0.41344,0.86169,0.99969,1,0.995,0.85049,0.9796,0.9799,0.9774,0.81605,0.65965,0.83626,0.02774,0.3715,0.84627,0.00182576,0.00182576,0.00182576
46,201.422,0.7271,0.89945,0.10206,0.40873,0.85347,0.9997,1,0.995,0.85679,0.9796,0.9799,0.97945,0.80839,0.64113,0.78493,0.02501,0.39245,0.8362,0.0018218,0.0018218,0.0018218
47,205.78,0.71895,0.90497,0.10162,0.40842,0.85505,0.99955,1,0.995,0.81281,0.97848,0.97487,0.96584,0.78695,0.7492,0.87365,0.02376,0.38957,0.84629,0.00181784,0.00181784,0.00181784
48,210.134,0.72579,0.91789,0.09572,0.40557,0.85232,0.99834,1,0.995,0.8661,0.9647,0.96985,0.96538,0.78896,0.63753,0.8191,0.02212,0.37436,0.83592,0.00181388,0.00181388,0.00181388
49,214.489,0.72274,0.91557,0.09098,0.40955,0.85934,0.99965,1,0.995,0.87464,0.9896,0.98995,0.98795,0.79808,0.60478,0.80404,0.0206,0.35011,0.83168,0.00180992,0.00180992,0.00180992
50,218.839,0.689,0.98929,0.08814,0.39624,0.8575,0.99967,1,0.995,0.84653,0.98963,0.98995,0.98436,0.76635,0.65034,0.84472,0.02033,0.37744,0.85249,0.00180596,0.00180596,0.00180596
51,223.18,0.70145,0.89406,0.08921,0.391,0.85063,0.9997,1,0.995,0.86776,0.9595,0.9598,0.95791,0.80877,0.62934,0.88729,0.02031,0.34996,0.82992,0.001802,0.001802,0.001802
52,227.541,0.71504,0.92166,0.09622,0.40141,0.85349,0.99959,1,0.995,0.8642,0.97953,0.9799,0.98689,0.83094,0.64994,0.7853,0.01775,0.36656,0.83475,0.00179804,0.00179804,0.00179804
53,231.93,0.69222,0.91868,0.08706,0.38939,0.859,0.99969,1,0.995,0.84693,0.9897,0.98995,0.99051,0.81668,0.63573,0.74503,0.02139,0.36396,0.83213,0.00179408,0.00179408,0.00179408
54,236.267,0.73314,0.9141,0.07933,0.40954,0.84792,0.99963,1,0.995,0.86638,0.97953,0.9799,0.97477,0.7973,0.69386,0.86376,0.0148,0.37786,0.83651,0.00179012,0.00179012,0.00179012
55,240.61,0.70265,0.83352,0.08353,0.39212,0.85797,0.99967,1,0.995,0.86731,0.96952,0.96985,0.96416,0.82967,0.63691,0.77665,0.01592,0.3407,0.84164,0.00178616,0.00178616,0.00178616
56,244.955,0.67557,0.81187,0.06803,0.38019,0.85092,0.99961,1,0.995,0.86452,0.98454,0.98492,0.9877,0.82843,0.61995,0.77553,0.01641,0.33902,0.83241,0.0017822,0.0017822,0.0017822
57,249.315,0.69942,0.83199,0.08394,0.38828,0.8436,0.99969,1,0.995,0.86853,0.98481,0.98492,0.98656,0.82375,0.59118,0.71874,0.01594,0.33492,0.83081,0.00177824,0.00177824,0.00177824
58,253.676,0.69573,0.88098,0.08378,0.39075,0.85834,0.99965,1,0.995,0.86214,0.98961,0.98995,0.98487,0.81802,0.60889,0.68405,0.01389,0.34498,0.82681,0.00177428,0.00177428,0.00177428
59,258.019,0.66339,0.82325,0.06893,0.38056,0.84978,0.99467,1,0.995,0.86811,0.98967,0.99497,0.99172,0.86688,0.62181,0.66869,0.0187,0.3507,0.82934,0.00177032,0.00177032,0.00177032
60,262.399,0.67803,0.83644,0.07047,0.38886,0.84354,0.99467,1,0.99495,0.86324,0.96982,0.97487,0.97111,0.79482,0.60897,0.7921,0.01505,0.36051,0.83152,0.00176636,0.00176636,0.00176636
61,266.775,0.69343,0.83853,0.07837,0.39537,0.8499,0.99924,1,0.995,0.85937,0.99422,0.99497,0.99234,0.82081,0.60039,0.73951,0.01561,0.36472,0.8258,0.0017624,0.0017624,0.0017624
62,271.127,0.68543,0.85649,0.06338,0.39476,0.86019,1,0.99852,0.995,0.85299,0.97987,0.97842,0.97992,0.82845,0.62297,0.73977,0.01164,0.36433,0.83831,0.00175844,0.00175844,0.00175844
63,275.489,0.66517,0.83259,0.06937,0.37751,0.85211,0.99962,1,0.995,0.8721,0.98956,0.98995,0.98418,0.82798,0.58506,0.66916,0.01479,0.32871,0.82483,0.00175448,0.00175448,0.00175448
64,279.845,0.67069,0.80563,0.07112,0.37914,0.84633,0.99968,1,0.995,0.8545,0.97456,0.97487,0.96544,0.80667,0.63832,0.75302,0.01237,0.34972,0.83018,0.00175052,0.00175052,0.00175052
65,284.193,0.64216,0.81325,0.06739,0.37246,0.84373,0.99677,1,0.995,0.87856,0.98166,0.98492,0.98348,0.83549,0.5834,0.68116,0.01122,0.33892,0.82321,0.00174656,0.00174656,0.00174656
66,288.541,0.66348,0.80934,0.0704,0.37259,0.84415,0.99968,1,0.995,0.86912,0.98986,0.98995,0.99051,0.83943,0.58937,0.65047,0.01085,0.31722,0.81438,0.0017426,0.0017426,0.0017426
67,292.892,0.65165,0.73554,0.06293,0.37595,0.84737,0.99968,1,0.995,0.87477,0.97958,0.9799,0.98179,0.82997,0.58015,0.6867,0.0108,0.32905,0.81993,0.00173864,0.00173864,0.00173864
68,297.303,0.68253,0.8139,0.06751,0.37977,0.84705,0.99966,1,0.995,0.87429,0.98962,0.98995,0.99232,0.85127,0.58921,0.64108,0.01079,0.33034,0.82263,0.00173468,0.00173468,0.00173468
69,301.655,0.69248,0.81411,0.06426,0.39264,0.84064,0.99967,1,0.995,0.85991,0.98963,0.98995,0.99008,0.85468,0.66984,0.6977,0.00943,0.34326,0.83586,0.00173072,0.00173072,0.00173072
70,306.015,0.67102,0.66727,0.05879,0.37726,0.83913,0.99689,1,0.995,0.86725,0.97676,0.9799,0.98124,0.85241,0.61362,0.63552,0.00829,0.34168,0.82566,0.00172676,0.00172676,0.00172676
71,310.373,0.65628,0.82147,0.06185,0.37153,0.84143,0.99968,1,0.995,0.87176,0.98461,0.98492,0.98741,0.85377,0.61168,0.68563,0.00751,0.31593,0.82657,0.0017228,0.0017228,0.0017228
72,314.739,0.64752,0.77443,0.06492,0.37001,0.84039,0.99838,1,0.995,0.87727,0.97409,0.97487,0.98,0.86186,0.58237,0.62872,0.01186,0.33005,0.82658,0.00171884,0.00171884,0.00171884
73,319.14,0.6351,0.77179,0.05771,0.35731,0.84581,0.99785,1,0.995,0.86463,0.9828,0.98492,0.9847,0.82025,0.58979,0.69172,0.00769,0.32707,0.8266,0.00171488,0.00171488,0.00171488
74,323.495,0.6591,0.73139,0.06135,0.36448,0.83979,0.99958,1,0.995,0.8531,0.97446,0.97487,0.96608,0.80452,0.60223,0.74581,0.0097,0.35367,0.82368,0.00171092,0.00171092,0.00171092
75,327.85,0.64852,0.6951,0.05607,0.36495,0.83939,0.99967,1,0.995,0.87575,0.97958,0.9799,0.97685,0.8582,0.57999,0.62423,0.01178,0.32483,0.81606,0.00170696,0.00170696,0.00170696
76,332.213,0.67828,0.75828,0.06225,0.37859,0.84346,0.99496,1,0.995,0.86947,0.97996,0.98492,0.98298,0.85755,0.58137,0.62155,0.00789,0.35101,0.82559,0.001703,0.001703,0.001703
77,336.57,0.64373,0.71509,0.06041,0.35991,0.84522,0.99968,1,0.995,0.88051,0.98461,0.98492,0.9879,0.85872,0.57481,0.64037,0.00871,0.31767,0.82009,0.00169904,0.00169904,0.00169904
78,340.951,0.64161,0.69922,0.0556,0.3562,0.83553,0.99968,1,0.995,0.87274,0.9846,0.98492,0.98477,0.85267,0.6037,0.65191,0.00794,0.33442,0.82616,0.00169508,0.00169508,0.00169508
79,345.321,0.62504,0.73846,0.05689,0.35489,0.84276,0.99969,1,0.995,0.86955,0.98462,0.98492,0.98626,0.84213,0.57288,0.63867,0.00796,0.32888,0.82446,0.00169112,0.00169112,0.00169112
80,349.681,0.62512,0.73827,0.06105,0.35059,0.83849,0.99961,1,0.995,0.85393,0.98491,0.98492,0.98722,0.84528,0.66015,0.66764,0.00848,0.3441,0.83438,0.00168716,0.00168716,0.00168716
81,354.065,0.62267,0.67386,0.05414,0.35705,0.84306,0.99966,1,0.995,0.84938,0.99463,0.99497,0.9947,0.83839,0.60316,0.62579,0.00667,0.34028,0.82433,0.0016832,0.0016832,0.0016832
82,358.434,0.61964,0.69139,0.05389,0.35029,0.83298,0.99968,1,0.995,0.86525,0.99465,0.99497,0.9944,0.82403,0.55703,0.63525,0.00736,0.31701,0.81433,0.00167924,0.00167924,0.00167924
83,362.815,0.62324,0.73783,0.05812,0.35376,0.82837,0.99968,1,0.995,0.86824,0.98983,0.98995,0.99096,0.86294,0.57294,0.57781,0.00675,0.32213,0.81795,0.00167528,0.00167528,0.00167528
84,367.18,0.62064,0.7034,0.04621,0.35274,0.83952,0.99964,1,0.995,0.85971,0.98457,0.98492,0.98107,0.8301,0.59666,0.65119,0.007,0.33102,0.82096,0.00167132,0.00167132,0.00167132
85,371.549,0.61489,0.73022,0.05735,0.3502,0.83559,0.99964,1,0.995,0.8559,0.98983,0.98995,0.98815,0.81942,0.62174,0.68222,0.00807,0.34624,0.82207,0.00166736,0.00166736,0.00166736
86,375.921,0.63465,0.66226,0.04551,0.35441,0.84258,0.99968,1,0.995,0.85683,0.97959,0.9799,0.97284,0.84279,0.58769,0.59905,0.00521,0.33705,0.81446,0.0016634,0.0016634,0.0016634
87,380.296,0.64274,0.7188,0.05423,0.37166,0.83824,0.99866,1,0.995,0.84385,0.98914,0.98995,0.98383,0.81951,0.62576,0.66776,0.00602,0.40826,0.83573,0.00165944,0.00165944,0.00165944
88,384.685,0.64079,0.7191,0.04892,0.36695,0.83893,0.99967,1,0.995,0.86382,0.97968,0.9799,0.97355,0.83581,0.60216,0.72125,0.00684,0.33439,0.82149,0.00165548,0.00165548,0.00165548
89,389.048,0.62181,0.72157,0.05218,0.35761,0.84829,0.99969,1,0.995,0.88531,0.97457,0.97487,0.97457,0.87255,0.57159,0.68126,0.00695,0.32393,0.8141,0.00165152,0.00165152,0.00165152
90,393.433,0.60358,0.68126,0.04936,0.35036,0.83135,0.99967,1,0.995,0.87006,0.97957,0.9799,0.97043,0.82999,0.56535,0.64931,0.00641,0.31749,0.81532,0.00164756,0.00164756,0.00164756
91,397.812,0.63127,0.7504,0.05674,0.36367,0.83909,0.99968,1,0.995,0.86858,0.98963,0.98995,0.9822,0.83572,0.5704,0.64035,0.00659,0.33351,0.81958,0.0016436,0.0016436,0.0016436
92,402.187,0.62268,0.75756,0.04911,0.35323,0.8384,0.99969,1,0.995,0.87295,0.99467,0.99497,0.9947,0.85856,0.57519,0.68769,0.00503,0.32264,0.82325,0.00163964,0.00163964,0.00163964
93,406.574,0.62342,0.6979,0.04943,0.34714,0.83072,0.9997,1,0.995,0.86448,0.98485,0.98492,0.98759,0.84872,0.61471,0.69237,0.00514,0.33362,0.82122,0.00163568,0.00163568,0.00163568
94,410.945,0.65449,0.65764,0.05329,0.35553,0.83498,0.99967,1,0.995,0.86716,0.99967,1,0.995,0.85949,0.58475,0.58259,0.00939,0.32492,0.81643,0.00163172,0.00163172,0.00163172
95,415.306,0.60559,0.71435,0.05548,0.34099,0.82435,0.99969,1,0.995,0.88258,0.98964,0.98995,0.99029,0.87302,0.59206,0.58947,0.00563,0.31321,0.81477,0.00162776,0.00162776,0.00162776
96,419.673,0.5924,0.65875,0.04531,0.33762,0.82106,1,1,0.995,0.88741,0.98995,0.98995,0.99238,0.85881,0.5605,0.6126,0.00548,0.30188,0.80828,0.0016238,0.0016238,0.0016238
97,424.053,0.611,0.64074,0.04148,0.34964,0.83163,0.99967,1,0.995,0.86519,0.99465,0.99497,0.9948,0.8477,0.58268,0.5734,0.00416,0.3129,0.81438,0.00161984,0.00161984,0.00161984
98,428.445,0.59839,0.62932,0.04418,0.33989,0.83733,0.99967,1,0.995,0.86939,0.98962,0.98995,0.98962,0.85571,0.59017,0.58566,0.00457,0.31814,0.82379,0.00161588,0.00161588,0.00161588
99,432.812,0.59868,0.65103,0.04163,0.33521,0.83226,0.99967,1,0.995,0.87691,0.98962,0.98995,0.9905,0.83544,0.55566,0.62376,0.00497,0.30533,0.81754,0.00161192,0.00161192,0.00161192
100,437.202,0.58625,0.63816,0.04209,0.33804,0.8341,0.9997,1,0.995,0.87581,0.9796,0.9799,0.98732,0.87385,0.59485,0.60467,0.00429,0.30708,0.82936,0.00160796,0.00160796,0.00160796
101,441.577,0.61591,0.66956,0.05151,0.3421,0.83904,0.99968,1,0.995,0.86496,0.98963,0.98995,0.98919,0.86364,0.6096,0.59073,0.00565,0.32296,0.82313,0.001604,0.001604,0.001604
102,445.94,0.58339,0.6538,0.04999,0.33285,0.83174,0.99969,1,0.995,0.87668,0.99466,0.99497,0.99485,0.86135,0.57747,0.58688,0.00544,0.30034,0.81629,0.00160004,0.00160004,0.00160004
103,450.321,0.57915,0.68015,0.04473,0.33301,0.83418,0.99968,1,0.995,0.87633,0.98963,0.98995,0.99194,0.86165,0.56933,0.59993,0.00575,0.29265,0.81275,0.00159608,0.00159608,0.00159608
104,454.691,0.58681,0.64259,0.04603,0.33339,0.83054,0.9997,1,0.995,0.88656,0.99468,0.99497,0.99435,0.86898,0.57857,0.55324,0.00418,0.30659,0.81077,0.00159212,0.00159212,0.00159212
105,459.06,0.61788,0.65484,0.05238,0.34646,0.8386,0.99969,1,0.995,0.8864,0.98462,0.98492,0.98845,0.87564,0.54815,0.5758,0.00504,0.31098,0.81145,0.00158816,0.00158816,0.00158816
106,463.448,0.60643,0.71772,0.05509,0.34301,0.83234,0.99969,1,0.995,0.8825,0.99467,0.99497,0.9947,0.86013,0.58151,0.63304,0.00635,0.30332,0.81585,0.0015842,0.0015842,0.0015842
107,467.812,0.59336,0.60462,0.03808,0.33181,0.83257,0.99963,1,0.995,0.8845,0.98958,0.98995,0.98671,0.85383,0.56057,0.59728,0.00407,0.29755,0.80981,0.00158024,0.00158024,0.00158024
108,472.19,0.58022,0.66907,0.05214,0.33723,0.83152,0.99969,1,0.995,0.88533,0.97959,0.9799,0.98323,0.87108,0.57393,0.57484,0.0049,0.31322,0.82203,0.00157628,0.00157628,0.00157628
109,476.569,0.59978,0.62942,0.03595,0.34239,0.8303,0.99969,1,0.995,0.87391,0.98964,0.98995,0.99055,0.86276,0.60029,0.6136,0.00398,0.32962,0.81373,0.00157232,0.00157232,0.00157232
110,480.962,0.60211,0.63447,0.04743,0.3391,0.83072,0.99969,1,0.995,0.89182,0.98964,0.98995,0.9917,0.88718,0.56268,0.57392,0.00559,0.30598,0.80576,0.00156836,0.00156836,0.00156836
111,485.34,0.58005,0.67058,0.04457,0.33773,0.82023,0.99971,1,0.995,0.88891,0.98463,0.98492,0.9869,0.87771,0.55047,0.6006,0.00444,0.30233,0.80734,0.0015644,0.0015644,0.0015644
112,489.71,0.60247,0.63041,0.03672,0.34297,0.82656,0.99974,1,0.995,0.88655,0.99471,0.99497,0.9946,0.87086,0.56458,0.61313,0.00435,0.30613,0.80559,0.00156044,0.00156044,0.00156044
113,494.086,0.60706,0.61218,0.04089,0.33568,0.8306,0.99967,1,0.995,0.88619,0.98962,0.98995,0.98646,0.85119,0.53697,0.61738,0.00453,0.30052,0.80883,0.00155648,0.00155648,0.00155648
114,498.509,0.56861,0.57171,0.03542,0.31891,0.82284,0.99968,1,0.995,0.87974,0.98963,0.98995,0.98848,0.86651,0.55767,0.61476,0.00396,0.3092,0.81133,0.00155252,0.00155252,0.00155252
115,502.884,0.57644,0.62754,0.04354,0.3284,0.82962,0.9997,1,0.995,0.88379,0.98465,0.98492,0.98516,0.84611,0.55038,0.60938,0.00581,0.29004,0.80839,0.00154856,0.00154856,0.00154856
116,507.257,0.57155,0.55021,0.03913,0.32168,0.82366,0.99969,1,0.995,0.89139,0.98964,0.98995,0.98621,0.87597,0.53513,0.55484,0.0045,0.28496,0.80576,0.0015446,0.0015446,0.0015446
117,511.621,0.5867,0.66055,0.04304,0.3327,0.8258,0.99969,1,0.995,0.88437,0.98969,0.98995,0.99112,0.87738,0.56512,0.57871,0.00487,0.31032,0.80835,0.00154064,0.00154064,0.00154064
118,515.991,0.59165,0.6241,0.05188,0.33825,0.83602,0.99965,1,0.995,0.88375,0.98469,0.98492,0.98927,0.8426,0.58174,0.63969,0.00595,0.31405,0.82141,0.00153668,0.00153668,0.00153668
119,520.38,0.57559,0.58598,0.04441,0.32597,0.83041,0.99968,1,0.995,0.88114,0.97959,0.9799,0.97853,0.86311,0.55389,0.58955,0.00438,0.29641,0.81638,0.00153272,0.00153272,0.00153272
120,524.768,0.58025,0.56068,0.04424,0.32895,0.82475,0.99967,1,0.995,0.8819,0.98962,0.98995,0.98934,0.86085,0.55813,0.55898,0.00476,0.3011,0.81517,0.00152876,0.00152876,0.00152876
121,529.147,0.58665,0.65639,0.04012,0.3362,0.83226,0.99969,1,0.995,0.877,0.99466,0.99497,0.99485,0.86175,0.57689,0.62649,0.00342,0.30727,0.81351,0.0015248,0.0015248,0.0015248
122,533.52,0.58344,0.64401,0.03943,0.33009,0.8316,0.99937,1,0.995,0.89113,0.98431,0.98492,0.98578,0.8935,0.52609,0.57627,0.00393,0.29152,0.81327,0.00152084,0.00152084,0.00152084
123,537.914,0.55423,0.55081,0.03924,0.31894,0.8224,0.99967,1,0.995,0.88441,0.9846,0.98492,0.97842,0.84096,0.53997,0.56123,0.00445,0.29355,0.81301,0.00151688,0.00151688,0.00151688
124,542.327,0.57309,0.63155,0.04579,0.32632,0.82663,0.99967,1,0.995,0.87734,0.97958,0.9799,0.96783,0.83742,0.54506,0.61643,0.00371,0.29463,0.8153,0.00151292,0.00151292,0.00151292
125,546.718,0.54262,0.5578,0.04569,0.31594,0.81898,0.9971,1,0.995,0.88347,0.98207,0.98492,0.98549,0.87425,0.54801,0.56691,0.00723,0.29311,0.81816,0.00150896,0.00150896,0.00150896
126,551.081,0.56466,0.60361,0.04068,0.33218,0.8276,0.99969,1,0.995,0.88262,0.98964,0.98995,0.99299,0.89024,0.57646,0.53647,0.00358,0.31611,0.81196,0.001505,0.001505,0.001505
127,555.463,0.57697,0.58792,0.05088,0.33123,0.83172,0.99967,1,0.995,0.88377,0.99465,0.99497,0.99495,0.87393,0.5734,0.57529,0.00342,0.30346,0.81593,0.00150104,0.00150104,0.00150104
128,559.832,0.54703,0.56349,0.03125,0.32107,0.82354,0.99969,1,0.995,0.88655,0.98965,0.98995,0.99018,0.89229,0.57039,0.53465,0.00353,0.2949,0.82231,0.00149708,0.00149708,0.00149708
129,564.225,0.58492,0.61849,0.0387,0.33397,0.83402,0.99967,1,0.995,0.87169,0.99465,0.99497,0.99399,0.86692,0.55388,0.54212,0.00278,0.29511,0.81006,0.00149312,0.00149312,0.00149312
130,568.596,0.57021,0.60911,0.05235,0.33195,0.81968,0.99967,1,0.995,0.8928,0.98962,0.98995,0.9935,0.89569,0.54527,0.54906,0.00509,0.28767,0.81361,0.00148916,0.00148916,0.00148916
131,572.987,0.56685,0.64623,0.03974,0.33132,0.81929,0.99969,1,0.995,0.88801,0.99466,0.99497,0.99495,0.85675,0.55276,0.64205,0.0056,0.29711,0.81487,0.0014852,0.0014852,0.0014852
132,577.348,0.57524,0.58363,0.03298,0.32754,0.82357,0.9997,1,0.995,0.8953,0.98965,0.98995,0.9907,0.88035,0.55556,0.56258,0.00296,0.30417,0.80928,0.00148124,0.00148124,0.00148124
133,581.714,0.56554,0.54303,0.03151,0.32513,0.82056,0.99969,1,0.995,0.89726,0.98462,0.98492,0.98394,0.86765,0.52124,0.63677,0.00296,0.29231,0.80716,0.00147728,0.00147728,0.00147728
134,586.091,0.59221,0.60589,0.03851,0.3212,0.82044,1,1,0.995,0.89334,0.99497,0.99497,0.99495,0.88438,0.55424,0.56247,0.00339,0.29219,0.81029,0.00147332,0.00147332,0.00147332
135,590.457,0.5358,0.52457,0.03726,0.30542,0.8206,0.99971,1,0.995,0.89609,0.98966,0.98995,0.99093,0.8857,0.53525,0.55268,0.00427,0.27794,0.80969,0.00146936,0.00146936,0.00146936
136,594.838,0.55486,0.60625,0.03792,0.32231,0.82725,0.99965,1,0.995,0.88185,0.9896,0.98995,0.98757,0.85464,0.53188,0.5655,0.00304,0.29287,0.80781,0.0014654,0.0014654,0.0014654
137,599.209,0.55163,0.55786,0.0344,0.31714,0.81917,0.99968,1,0.995,0.89569,0.98461,0.98492,0.98809,0.86166,0.53928,0.59549,0.00345,0.2952,0.81081,0.00146144,0.00146144,0.00146144
138,603.602,0.56615,0.54041,0.04188,0.32615,0.8204,0.99678,1,0.995,0.89844,0.98676,0.98995,0.99255,0.89229,0.53355,0.5422,0.00332,0.29761,0.80482,0.00145748,0.00145748,0.00145748
139,607.989,0.55731,0.49431,0.03612,0.32534,0.82352,0.9997,1,0.995,0.89294,0.98965,0.98995,0.98909,0.86595,0.54111,0.57776,0.00474,0.30267,0.81454,0.00145352,0.00145352,0.00145352
140,612.368,0.56242,0.55412,0.03764,0.32618,0.82481,0.99968,1,0.995,0.89009,0.98964,0.98995,0.98911,0.86044,0.5363,0.60504,0.00363,0.30046,0.80958,0.00144956,0.00144956,0.00144956
141,616.754,0.56002,0.55615,0.03588,0.31933,0.82625,0.99969,1,0.995,0.89033,0.98965,0.98995,0.98819,0.88753,0.54354,0.5663,0.0033,0.28704,0.80718,0.0014456,0.0014456,0.0014456
142,621.136,0.56207,0.5565,0.03623,0.31903,0.82293,0.99965,1,0.995,0.88754,0.98458,0.98492,0.9828,0.86645,0.53121,0.52661,0.00415,0.30144,0.80892,0.00144164,0.00144164,0.00144164
143,625.534,0.5518,0.59698,0.03917,0.32373,0.82142,0.99963,1,0.995,0.8997,0.98456,0.98492,0.98762,0.90323,0.55741,0.53847,0.00429,0.28557,0.81298,0.00143768,0.00143768,0.00143768
144,629.929,0.55211,0.50924,0.03506,0.31085,0.82255,0.9997,1,0.995,0.89483,0.98463,0.98492,0.98719,0.88062,0.55708,0.57549,0.00437,0.28843,0.82088,0.00143372,0.00143372,0.00143372
145,634.3,0.55047,0.52221,0.03189,0.31486,0.82107,0.9997,1,0.995,0.89546,0.99468,0.99497,0.99485,0.87652,0.56059,0.55581,0.0034,0.2989,0.81212,0.00142976,0.00142976,0.00142976
146,638.655,0.55741,0.55273,0.03999,0.31644,0.81793,0.9997,1,0.995,0.88111,0.99467,0.99497,0.9944,0.87943,0.55119,0.51285,0.00315,0.29473,0.81253,0.0014258,0.0014258,0.0014258
147,643.011,0.56706,0.56567,0.04345,0.31484,0.82909,0.99969,1,0.995,0.89864,0.98964,0.98995,0.99134,0.87812,0.5363,0.53699,0.00383,0.30012,0.81469,0.00142184,0.00142184,0.00142184
148,647.39,0.54402,0.48673,0.02988,0.3083,0.81719,0.99969,1,0.995,0.89635,0.98462,0.98492,0.98601,0.87989,0.52331,0.50094,0.00356,0.28574,0.80976,0.00141788,0.00141788,0.00141788
149,651.767,0.54141,0.54239,0.04397,0.31022,0.81832,0.99969,1,0.995,0.9053,0.99466,0.99497,0.99399,0.88286,0.5332,0.50755,0.00408,0.28516,0.80723,0.00141392,0.00141392,0.00141392
150,656.147,0.54863,0.61251,0.03984,0.31184,0.81846,0.99972,1,0.995,0.89535,0.9947,0.99497,0.99369,0.87939,0.54353,0.51743,0.00413,0.28258,0.8086,0.00140996,0.00140996,0.00140996
151,660.525,0.53896,0.56952,0.03245,0.31179,0.82769,0.99979,1,0.995,0.8976,0.98974,0.98995,0.98588,0.88893,0.52604,0.49568,0.00337,0.28736,0.80569,0.001406,0.001406,0.001406
152,664.899,0.54892,0.52159,0.03392,0.31509,0.82283,0.99969,1,0.995,0.88887,0.99467,0.99497,0.99289,0.89122,0.55437,0.50119,0.00308,0.29826,0.8057,0.00140204,0.00140204,0.00140204
153,669.261,0.54834,0.51743,0.03201,0.31787,0.81945,0.99639,1,0.995,0.89422,0.98637,0.98995,0.98972,0.89002,0.52784,0.54019,0.00301,0.29556,0.80602,0.00139808,0.00139808,0.00139808
154,673.662,0.53937,0.49678,0.0372,0.31471,0.81694,0.99969,1,0.995,0.89092,0.98965,0.98995,0.99005,0.87774,0.5483,0.56837,0.00331,0.29297,0.80772,0.00139412,0.00139412,0.00139412
155,678.063,0.53111,0.49492,0.03665,0.30483,0.81779,0.99852,1,0.995,0.8886,0.97842,0.9799,0.98498,0.88859,0.53628,0.52075,0.0045,0.28747,0.81578,0.00139016,0.00139016,0.00139016
156,682.451,0.56205,0.54566,0.03074,0.3174,0.82724,0.99969,1,0.995,0.89319,0.98965,0.98995,0.99088,0.89766,0.548,0.52099,0.00334,0.28761,0.80485,0.0013862,0.0013862,0.0013862
157,686.831,0.54581,0.47365,0.0306,0.30282,0.81586,0.9997,1,0.995,0.8938,0.98965,0.98995,0.99236,0.89008,0.53032,0.50684,0.0024,0.27335,0.80388,0.00138224,0.00138224,0.00138224
158,691.196,0.54856,0.57803,0.04225,0.31026,0.81484,0.9997,1,0.995,0.89359,0.99468,0.99497,0.99399,0.88468,0.55154,0.50739,0.00322,0.28529,0.80617,0.00137828,0.00137828,0.00137828
159,695.579,0.53457,0.58078,0.03912,0.30095,0.81386,0.99892,1,0.995,0.87759,0.9939,0.99497,0.99249,0.87109,0.55849,0.49999,0.00393,0.29293,0.81035,0.00137432,0.00137432,0.00137432
160,699.968,0.53099,0.52629,0.03929,0.30389,0.81523,0.9997,1,0.995,0.88005,0.98965,0.98995,0.98389,0.87963,0.57968,0.50499,0.00333,0.29383,0.80893,0.00137036,0.00137036,0.00137036
161,704.368,0.5419,0.48608,0.03987,0.30547,0.82537,0.99969,1,0.995,0.89201,0.99467,0.99497,0.99399,0.87193,0.52731,0.52281,0.00507,0.27787,0.80679,0.0013664,0.0013664,0.0013664
162,708.744,0.5327,0.53877,0.03588,0.3072,0.82808,1,0.99849,0.995,0.89607,0.99497,0.99346,0.99008,0.88343,0.53024,0.47981,0.004,0.28395,0.808,0.00136244,0.00136244,0.00136244
163,713.119,0.55507,0.58726,0.0369,0.31699,0.82316,0.99971,1,0.995,0.8945,0.98966,0.98995,0.98581,0.88464,0.52701,0.53178,0.00315,0.27665,0.8034,0.00135848,0.00135848,0.00135848
164,717.506,0.53079,0.53787,0.03517,0.30703,0.81534,0.99969,1,0.995,0.88837,0.98964,0.98995,0.99139,0.88781,0.52936,0.54566,0.00338,0.27847,0.80354,0.00135452,0.00135452,0.00135452
165,721.855,0.52877,0.49512,0.0364,0.30234,0.81514,0.99966,1,0.995,0.89185,0.98961,0.98995,0.98813,0.87444,0.53131,0.54993,0.00388,0.27753,0.80429,0.00135056,0.00135056,0.00135056
166,726.255,0.53464,0.49972,0.0378,0.30728,0.81732,0.99968,1,0.995,0.88103,0.9846,0.98492,0.98385,0.86522,0.53815,0.55173,0.00321,0.27923,0.81235,0.0013466,0.0013466,0.0013466
167,730.645,0.53032,0.55016,0.03385,0.30917,0.81887,0.99969,1,0.995,0.88381,0.98462,0.98492,0.98728,0.88486,0.53996,0.56584,0.00349,0.27586,0.80723,0.00134264,0.00134264,0.00134264
168,735.07,0.55435,0.54882,0.03134,0.3121,0.8186,0.99969,1,0.995,0.88804,0.99467,0.99497,0.9948,0.88564,0.53525,0.49973,0.00328,0.28149,0.80509,0.00133868,0.00133868,0.00133868
169,739.455,0.53714,0.46817,0.03897,0.30007,0.81448,0.9997,1,0.995,0.89227,0.99468,0.99497,0.99495,0.9002,0.54943,0.49426,0.00388,0.28268,0.80682,0.00133472,0.00133472,0.00133472
170,743.854,0.54025,0.48195,0.03234,0.3059,0.81064,0.99971,1,0.995,0.88793,0.99468,0.99497,0.9945,0.89521,0.56242,0.47228,0.00243,0.28644,0.80351,0.00133076,0.00133076,0.00133076
171,748.238,0.54084,0.46632,0.0331,0.29802,0.82134,0.9997,1,0.995,0.89368,0.98965,0.98995,0.99257,0.90872,0.5419,0.45322,0.00264,0.2657,0.79676,0.0013268,0.0013268,0.0013268
172,752.624,0.52413,0.50643,0.0346,0.30105,0.82153,0.9997,1,0.995,0.90064,0.99467,0.99497,0.9949,0.90345,0.52025,0.47373,0.00302,0.27101,0.80412,0.00132284,0.00132284,0.00132284
173,757.01,0.52016,0.47613,0.03186,0.29918,0.81741,0.9997,1,0.995,0.89515,0.98965,0.98995,0.99288,0.90565,0.52815,0.45679,0.00281,0.27143,0.79982,0.00131888,0.00131888,0.00131888
174,761.38,0.51962,0.49649,0.03213,0.29672,0.82114,0.9997,1,0.995,0.89255,0.98965,0.98995,0.99006,0.89629,0.52499,0.47207,0.00318,0.26594,0.80314,0.00131492,0.00131492,0.00131492
175,765.786,0.52487,0.45484,0.03272,0.30027,0.82329,1,1,0.995,0.90361,0.98995,0.98995,0.99409,0.89517,0.52472,0.49899,0.00351,0.26848,0.80208,0.00131096,0.00131096,0.00131096
176,770.161,0.5319,0.50967,0.03392,0.31101,0.81979,0.9997,1,0.995,0.89955,0.9796,0.9799,0.97803,0.87442,0.52464,0.54194,0.0033,0.27294,0.80274,0.001307,0.001307,0.001307
177,774.558,0.52328,0.50586,0.03151,0.2979,0.81635,0.9997,1,0.995,0.90185,0.98965,0.98995,0.99074,0.88428,0.52286,0.52781,0.00283,0.27581,0.81011,0.00130304,0.00130304,0.00130304
178,778.921,0.5394,0.50371,0.03052,0.30634,0.81816,0.9997,1,0.995,0.90464,0.99468,0.99497,0.99354,0.89679,0.51204,0.45047,0.00242,0.26965,0.79768,0.00129908,0.00129908,0.00129908
179,783.312,0.54324,0.48558,0.02982,0.3063,0.81717,0.99525,1,0.995,0.89453,0.98025,0.98492,0.97952,0.89282,0.52701,0.46475,0.00235,0.28128,0.80391,0.00129512,0.00129512,0.00129512
180,787.685,0.52691,0.46427,0.02915,0.30224,0.81387,0.99969,1,0.995,0.90563,0.99466,0.99497,0.99405,0.88875,0.49483,0.47976,0.00396,0.26694,0.79646,0.00129116,0.00129116,0.00129116
181,792.064,0.50984,0.45333,0.03097,0.29677,0.8089,0.99958,1,0.995,0.89045,0.98953,0.98995,0.98785,0.88349,0.51971,0.49661,0.00257,0.27438,0.80107,0.0012872,0.0012872,0.0012872
182,796.442,0.54815,0.52509,0.03775,0.31357,0.82428,0.99971,1,0.995,0.90483,0.99468,0.99497,0.99495,0.90415,0.53876,0.48948,0.00311,0.2721,0.80584,0.00128324,0.00128324,0.00128324
183,800.839,0.54496,0.47295,0.03294,0.30497,0.81782,0.99973,1,0.995,0.90324,0.98968,0.98995,0.99357,0.90413,0.51817,0.46128,0.00231,0.26993,0.79894,0.00127928,0.00127928,0.00127928
184,805.206,0.52141,0.47385,0.03311,0.30328,0.81549,0.9997,1,0.995,0.88529,0.99467,0.99497,0.9949,0.908,0.5534,0.47691,0.00341,0.27242,0.80146,0.00127532,0.00127532,0.00127532
185,809.599,0.54824,0.46606,0.03072,0.30604,0.81483,0.9997,1,0.995,0.89513,0.99467,0.99497,0.99485,0.91314,0.54862,0.46402,0.00267,0.27561,0.80892,0.00127136,0.00127136,0.00127136
186,813.975,0.50686,0.45975,0.02934,0.28999,0.8057,0.9997,1,0.995,0.89256,0.99468,0.99497,0.9947,0.9046,0.53969,0.46159,0.00254,0.26246,0.80343,0.0012674,0.0012674,0.0012674
187,818.346,0.54005,0.52489,0.03087,0.30098,0.81652,0.9997,1,0.995,0.89511,0.99468,0.99497,0.99465,0.89624,0.53208,0.49311,0.00262,0.27513,0.80458,0.00126344,0.00126344,0.00126344
188,822.73,0.52372,0.48531,0.02997,0.29317,0.81605,0.99971,1,0.995,0.89692,0.98966,0.98995,0.99126,0.88943,0.52446,0.52368,0.00287,0.26402,0.8065,0.00125948,0.00125948,0.00125948
189,827.099,0.52199,0.51206,0.02705,0.29868,0.81312,0.9997,1,0.995,0.90345,0.97961,0.9799,0.977,0.88195,0.53447,0.51089,0.00266,0.27345,0.80353,0.00125552,0.00125552,0.00125552
190,831.467,0.50977,0.46943,0.03062,0.2897,0.81502,0.99968,1,0.995,0.89403,0.98964,0.98995,0.98538,0.88,0.52512,0.49142,0.00286,0.26977,0.80568,0.00125156,0.00125156,0.00125156
191,835.823,0.51618,0.47564,0.02959,0.2955,0.81292,0.9997,1,0.995,0.89646,0.98975,0.98995,0.9942,0.90186,0.53943,0.48402,0.00266,0.27609,0.80886,0.0012476,0.0012476,0.0012476
192,840.202,0.497,0.44201,0.02449,0.29064,0.81185,0.9997,1,0.995,0.87401,0.98965,0.98995,0.98936,0.89079,0.56714,0.5199,0.0019,0.28483,0.81065,0.00124364,0.00124364,0.00124364
193,844.568,0.50238,0.41995,0.03298,0.28909,0.81277,0.99971,1,0.995,0.89982,0.98464,0.98492,0.98612,0.89741,0.52459,0.4986,0.0026,0.26646,0.80686,0.00123968,0.00123968,0.00123968
194,848.934,0.51974,0.49302,0.03063,0.29502,0.81808,0.99967,1,0.995,0.89335,0.98962,0.98995,0.99024,0.90657,0.52698,0.44126,0.00292,0.26574,0.8022,0.00123572,0.00123572,0.00123572
195,853.308,0.51132,0.44312,0.03688,0.29302,0.80383,0.99968,1,0.995,0.89762,0.99466,0.99497,0.99259,0.88819,0.51539,0.47788,0.00262,0.26089,0.80016,0.00123176,0.00123176,0.00123176
196,857.67,0.51094,0.46098,0.03333,0.29757,0.81137,0.99969,1,0.995,0.88969,0.99466,0.99497,0.99043,0.89526,0.54722,0.44946,0.00379,0.27639,0.80501,0.0012278,0.0012278,0.0012278
197,862.055,0.51888,0.42051,0.03194,0.29674,0.82086,0.9997,1,0.995,0.90152,0.98965,0.98995,0.98697,0.90864,0.53115,0.4496,0.00267,0.27312,0.79873,0.00122384,0.00122384,0.00122384
198,866.45,0.51545,0.47029,0.0269,0.29033,0.81369,0.99969,1,0.995,0.88898,0.99466,0.99497,0.99324,0.89647,0.52586,0.43233,0.00252,0.26794,0.80282,0.00121988,0.00121988,0.00121988
199,870.821,0.50429,0.51612,0.02862,0.29609,0.81783,0.9997,1,0.995,0.90098,0.98965,0.98995,0.99201,0.90249,0.51339,0.46499,0.00221,0.26294,0.80151,0.00121592,0.00121592,0.00121592
200,875.203,0.51501,0.44794,0.03125,0.28882,0.81106,0.99486,1,0.995,0.89154,0.97972,0.98492,0.98541,0.89939,0.51039,0.48161,0.00348,0.26586,0.80805,0.00121196,0.00121196,0.00121196
201,879.575,0.50194,0.46601,0.02737,0.28418,0.81632,0.9997,1,0.995,0.8885,0.98965,0.98995,0.99178,0.91204,0.52343,0.43292,0.00212,0.26992,0.80374,0.001208,0.001208,0.001208
202,883.942,0.49209,0.46,0.02986,0.2856,0.81159,0.99971,1,0.995,0.88977,0.99468,0.99497,0.9943,0.91884,0.53271,0.45515,0.00324,0.27569,0.80645,0.00120404,0.00120404,0.00120404
203,888.321,0.53084,0.49963,0.02767,0.30374,0.81592,0.9997,1,0.995,0.89697,0.99468,0.99497,0.9947,0.91604,0.54732,0.43432,0.00233,0.28125,0.81577,0.00120008,0.00120008,0.00120008
204,892.707,0.50623,0.48351,0.02365,0.29432,0.81134,1,1,0.995,0.89631,0.98492,0.98492,0.9899,0.91249,0.5292,0.45064,0.00192,0.27144,0.80782,0.00119612,0.00119612,0.00119612
205,897.085,0.51029,0.44319,0.0287,0.28826,0.81634,1,1,0.995,0.8921,0.98995,0.98995,0.99322,0.91182,0.51925,0.47763,0.00196,0.26722,0.80463,0.00119216,0.00119216,0.00119216
206,901.472,0.50136,0.48013,0.03673,0.28968,0.81531,0.9997,1,0.995,0.89085,0.99468,0.99497,0.9949,0.89254,0.53601,0.48224,0.00232,0.27077,0.80254,0.0011882,0.0011882,0.0011882
207,905.855,0.50539,0.44111,0.03385,0.29526,0.81139,0.9997,1,0.995,0.90188,0.98463,0.98492,0.98863,0.90837,0.52476,0.46107,0.00211,0.26751,0.80315,0.00118424,0.00118424,0.00118424
208,910.221,0.50988,0.46615,0.03105,0.29206,0.80518,0.9997,1,0.995,0.89859,0.98965,0.98995,0.99102,0.90259,0.50727,0.45453,0.00263,0.26212,0.80334,0.00118028,0.00118028,0.00118028
209,914.6,0.48878,0.39696,0.02943,0.28305,0.81018,0.9997,1,0.995,0.89855,0.98966,0.98995,0.99243,0.90874,0.50555,0.44747,0.00255,0.26206,0.80296,0.00117632,0.00117632,0.00117632
210,918.974,0.51276,0.48135,0.03578,0.29682,0.81368,0.9997,1,0.995,0.90251,0.98965,0.98995,0.9917,0.91964,0.49002,0.41532,0.00322,0.26678,0.79425,0.00117236,0.00117236,0.00117236
211,923.369,0.49993,0.4752,0.03527,0.29082,0.80875,0.99971,1,0.995,0.8884,0.98463,0.98492,0.98255,0.89239,0.52787,0.50317,0.00311,0.26134,0.7986,0.0011684,0.0011684,0.0011684
212,927.756,0.49745,0.42784,0.02211,0.28172,0.80963,0.99969,1,0.995,0.90188,0.98964,0.98995,0.99046,0.89771,0.51516,0.46767,0.00232,0.2568,0.80559,0.00116444,0.00116444,0.00116444
213,932.135,0.49236,0.43059,0.03033,0.28114,0.81732,0.99971,1,0.995,0.89685,0.98966,0.98995,0.99278,0.91039,0.5003,0.44747,0.00222,0.25403,0.79906,0.00116048,0.00116048,0.00116048
214,936.515,0.50414,0.44747,0.03361,0.29512,0.81042,0.9997,1,0.995,0.90446,0.99467,0.99497,0.99485,0.91706,0.49832,0.43804,0.00217,0.2639,0.8011,0.00115652,0.00115652,0.00115652
215,940.88,0.49974,0.42189,0.03276,0.29046,0.81554,0.9997,1,0.995,0.90156,0.99468,0.99497,0.9949,0.90203,0.51552,0.4591,0.00261,0.25846,0.80304,0.00115256,0.00115256,0.00115256
216,945.268,0.50586,0.3997,0.02997,0.29408,0.80939,0.9997,1,0.995,0.8772,0.99468,0.99497,0.99495,0.89482,0.55244,0.47181,0.00303,0.2672,0.80963,0.0011486,0.0011486,0.0011486
217,949.654,0.48944,0.44358,0.02917,0.28404,0.8128,0.99971,1,0.995,0.90405,0.99468,0.99497,0.99495,0.91594,0.51151,0.44662,0.00284,0.25658,0.80205,0.00114464,0.00114464,0.00114464
218,954.029,0.4817,0.41816,0.02646,0.27951,0.8035,0.99971,1,0.995,0.90568,0.98971,0.98995,0.99279,0.9088,0.51294,0.45063,0.00236,0.2522,0.80042,0.00114068,0.00114068,0.00114068
219,958.409,0.49764,0.42189,0.03081,0.27664,0.81333,0.9997,1,0.995,0.89925,0.98965,0.98995,0.99183,0.90989,0.53264,0.46527,0.00225,0.26587,0.79893,0.00113672,0.00113672,0.00113672
220,962.784,0.51445,0.46747,0.02741,0.2949,0.81208,0.99966,1,0.995,0.89597,0.98961,0.98995,0.98704,0.88661,0.51039,0.49483,0.00271,0.26954,0.80371,0.00113276,0.00113276,0.00113276
221,967.173,0.50229,0.458,0.03377,0.2955,0.80826,0.99968,1,0.995,0.90291,0.98966,0.98995,0.99221,0.90856,0.50379,0.45006,0.00296,0.25937,0.8039,0.0011288,0.0011288,0.0011288
222,971.556,0.49564,0.44528,0.02119,0.29006,0.81822,0.9997,1,0.995,0.90314,0.98965,0.98995,0.99295,0.928,0.52003,0.41692,0.00301,0.26083,0.79922,0.00112484,0.00112484,0.00112484
223,975.951,0.4884,0.39393,0.02372,0.28505,0.81593,0.9997,1,0.995,0.89682,0.99468,0.99497,0.9949,0.91403,0.53333,0.43005,0.0023,0.26163,0.80813,0.00112088,0.00112088,0.00112088
224,980.347,0.4941,0.42836,0.03295,0.27915,0.81481,0.9997,1,0.995,0.89955,0.98975,0.98995,0.99441,0.90685,0.52769,0.46373,0.00208,0.26089,0.80351,0.00111692,0.00111692,0.00111692
225,984.743,0.49858,0.39155,0.03198,0.2889,0.81063,0.9997,1,0.995,0.89654,0.98965,0.98995,0.99275,0.91058,0.52809,0.45301,0.0026,0.26078,0.80331,0.00111296,0.00111296,0.00111296
226,989.118,0.49112,0.38411,0.03035,0.28186,0.81041,0.9997,1,0.995,0.90423,0.98966,0.98995,0.99118,0.90306,0.52711,0.47481,0.00218,0.26015,0.80654,0.001109,0.001109,0.001109
227,993.483,0.49119,0.39148,0.03135,0.27686,0.80906,0.99971,1,0.995,0.90594,0.99473,0.99497,0.995,0.91631,0.50285,0.43284,0.00368,0.25053,0.80316,0.00110504,0.00110504,0.00110504
228,997.852,0.49125,0.45295,0.03323,0.2805,0.80676,0.99965,1,0.995,0.91147,0.98961,0.98995,0.99259,0.91907,0.49624,0.4306,0.00234,0.2515,0.80402,0.00110108,0.00110108,0.00110108
229,1002.23,0.49602,0.40563,0.03134,0.28661,0.81226,0.9997,1,0.995,0.89846,0.98463,0.98492,0.98885,0.91171,0.5047,0.45126,0.00298,0.26108,0.80777,0.00109712,0.00109712,0.00109712
230,1006.61,0.47975,0.40976,0.02728,0.28617,0.80763,0.9997,1,0.995,0.90543,0.98965,0.98995,0.99181,0.91408,0.508,0.45565,0.00276,0.25741,0.7994,0.00109316,0.00109316,0.00109316
231,1010.98,0.47144,0.40995,0.0286,0.27964,0.80627,0.99971,1,0.995,0.90575,0.99469,0.99497,0.9949,0.91346,0.49272,0.45015,0.00202,0.24701,0.79866,0.0010892,0.0010892,0.0010892
232,1015.36,0.49432,0.37318,0.02231,0.2868,0.80338,0.99971,1,0.995,0.90453,0.99469,0.99497,0.99495,0.90803,0.49756,0.4343,0.00229,0.24907,0.79717,0.00108524,0.00108524,0.00108524
233,1019.73,0.48493,0.44042,0.03561,0.27435,0.80896,0.9997,1,0.995,0.89804,0.99467,0.99497,0.9948,0.91229,0.51143,0.46218,0.00252,0.25546,0.80435,0.00108128,0.00108128,0.00108128
234,1024.11,0.48949,0.43597,0.0312,0.28634,0.80857,0.99971,1,0.995,0.90384,0.98966,0.98995,0.99106,0.91085,0.50526,0.47632,0.00355,0.253,0.80473,0.00107732,0.00107732,0.00107732
235,1028.47,0.4787,0.37516,0.03442,0.27698,0.81513,0.99971,1,0.995,0.9006,0.98966,0.98995,0.99292,0.91748,0.51978,0.44999,0.00273,0.25917,0.80564,0.00107336,0.00107336,0.00107336
236,1032.85,0.48287,0.42696,0.03206,0.27688,0.8159,0.9997,1,0.995,0.89572,0.98965,0.98995,0.98909,0.8958,0.528,0.47003,0.00298,0.25878,0.80464,0.0010694,0.0010694,0.0010694
237,1037.22,0.48444,0.40449,0.02754,0.27798,0.81685,0.9997,1,0.995,0.88974,0.98965,0.98995,0.99243,0.91422,0.53601,0.43637,0.0024,0.25749,0.7992,0.00106544,0.00106544,0.00106544
238,1041.61,0.50307,0.4026,0.02887,0.28166,0.81542,0.99971,1,0.995,0.90706,0.98977,0.98995,0.99172,0.91614,0.51636,0.45659,0.0022,0.25969,0.79591,0.00106148,0.00106148,0.00106148
239,1046,0.46878,0.38992,0.03066,0.27063,0.8052,0.99971,1,0.995,0.90185,0.98966,0.98995,0.99196,0.91505,0.51487,0.4445,0.00267,0.25313,0.79914,0.00105752,0.00105752,0.00105752
240,1050.38,0.47516,0.43082,0.02768,0.27717,0.80958,0.9997,1,0.995,0.91318,0.98966,0.98995,0.99125,0.90751,0.49138,0.46956,0.00202,0.24551,0.79574,0.00105356,0.00105356,0.00105356
241,1054.75,0.47157,0.42716,0.03049,0.27352,0.80876,0.99971,1,0.995,0.90692,0.98966,0.98995,0.99096,0.90659,0.51747,0.45785,0.0025,0.25613,0.79955,0.0010496,0.0010496,0.0010496
242,1059.14,0.47348,0.39994,0.027,0.2761,0.80458,0.99969,1,0.995,0.89431,0.98964,0.98995,0.9863,0.89544,0.4949,0.45116,0.00187,0.25602,0.79735,0.00104564,0.00104564,0.00104564
243,1063.51,0.47981,0.37642,0.02953,0.2819,0.80469,1,1,0.995,0.90152,0.98995,0.98995,0.99196,0.90987,0.53072,0.44283,0.00192,0.25531,0.80257,0.00104168,0.00104168,0.00104168
244,1067.87,0.46422,0.38113,0.0297,0.2738,0.80895,1,1,0.995,0.90833,0.98995,0.98995,0.99188,0.91262,0.49549,0.44287,0.00309,0.25177,0.79837,0.00103772,0.00103772,0.00103772
245,1072.26,0.46194,0.36832,0.02339,0.2662,0.81024,1,1,0.995,0.90559,0.99497,0.99497,0.99495,0.911,0.50048,0.42812,0.00263,0.2623,0.79967,0.00103376,0.00103376,0.00103376
246,1076.64,0.4542,0.39308,0.0267,0.26499,0.80799,0.99971,1,0.995,0.90924,0.99469,0.99497,0.99495,0.91693,0.4945,0.44109,0.00284,0.2522,0.79786,0.0010298,0.0010298,0.0010298
247,1081.03,0.46618,0.3812,0.0305,0.27268,0.8082,0.99972,1,0.995,0.90348,0.99479,0.99497,0.995,0.91149,0.51233,0.44799,0.00278,0.25062,0.79703,0.00102584,0.00102584,0.00102584
248,1085.41,0.4752,0.39202,0.03709,0.27174,0.8145,0.99971,1,0.995,0.90732,0.98974,0.98995,0.99135,0.89188,0.4891,0.49694,0.00215,0.24699,0.79868,0.00102188,0.00102188,0.00102188
249,1089.79,0.47471,0.39301,0.02435,0.27068,0.80899,0.99971,1,0.995,0.90547,0.98977,0.98995,0.99214,0.90779,0.49991,0.4567,0.00271,0.24932,0.79848,0.00101792,0.00101792,0.00101792
250,1094.15,0.46719,0.38594,0.02695,0.27022,0.8024,0.9997,1,0.995,0.90162,0.98972,0.98995,0.99228,0.91181,0.50846,0.44165,0.00241,0.24824,0.79841,0.00101396,0.00101396,0.00101396
251,1098.52,0.47538,0.39918,0.02584,0.27715,0.80888,0.99971,1,0.995,0.90605,0.98967,0.98995,0.99375,0.92342,0.49268,0.44123,0.00228,0.24852,0.79923,0.00101,0.00101,0.00101
252,1102.91,0.48926,0.43164,0.03377,0.27988,0.80908,0.99974,1,0.995,0.90057,0.99471,0.99497,0.99495,0.92114,0.49701,0.42993,0.00204,0.25064,0.7991,0.00100604,0.00100604,0.00100604
253,1107.28,0.46766,0.38535,0.02656,0.27581,0.81185,0.99972,1,0.995,0.90987,0.98968,0.98995,0.99066,0.91651,0.48956,0.42879,0.00198,0.24986,0.79779,0.00100208,0.00100208,0.00100208
254,1111.65,0.4748,0.40757,0.03136,0.27896,0.80441,0.99971,1,0.995,0.90802,0.98968,0.98995,0.99436,0.91697,0.49601,0.41321,0.00189,0.25052,0.80108,0.00099812,0.00099812,0.00099812
255,1116.02,0.48978,0.40763,0.02747,0.2825,0.81113,0.9997,1,0.995,0.90084,0.98966,0.98995,0.99203,0.92348,0.50154,0.4109,0.00211,0.2484,0.80173,0.00099416,0.00099416,0.00099416
256,1120.38,0.48142,0.39138,0.02044,0.28291,0.81134,0.9997,1,0.995,0.90696,0.98967,0.98995,0.99041,0.91118,0.48414,0.41858,0.0019,0.24571,0.79865,0.0009902,0.0009902,0.0009902
257,1124.74,0.47699,0.36138,0.026,0.27859,0.80677,1,1,0.995,0.90449,0.98995,0.98995,0.99297,0.91157,0.50191,0.45337,0.00162,0.24443,0.80037,0.00098624,0.00098624,0.00098624
258,1129.11,0.47232,0.3624,0.02463,0.27029,0.8008,1,1,0.995,0.91187,0.99497,0.99497,0.99495,0.92269,0.49866,0.43109,0.0023,0.24318,0.7998,0.00098228,0.00098228,0.00098228
259,1133.52,0.46788,0.38042,0.02896,0.26708,0.80247,1,1,0.995,0.90813,0.98995,0.98995,0.99155,0.92923,0.50041,0.39861,0.00212,0.24959,0.79738,0.00097832,0.00097832,0.00097832
260,1137.91,0.46142,0.36351,0.0293,0.26329,0.79816,0.99971,1,0.995,0.91095,0.98974,0.98995,0.99106,0.92108,0.49963,0.43165,0.00239,0.24594,0.79623,0.00097436,0.00097436,0.00097436
261,1142.28,0.4746,0.41682,0.02379,0.27119,0.80301,1,1,0.995,0.91289,0.99497,0.99497,0.995,0.91926,0.49411,0.42468,0.00168,0.2482,0.79606,0.0009704,0.0009704,0.0009704
262,1146.66,0.46816,0.40801,0.03165,0.27374,0.81584,1,1,0.995,0.90697,0.99497,0.99497,0.995,0.9231,0.50351,0.40801,0.0024,0.25036,0.79881,0.00096644,0.00096644,0.00096644
263,1151.03,0.47197,0.37828,0.02673,0.27624,0.80417,0.99971,1,0.995,0.90697,0.99473,0.99497,0.995,0.9151,0.50148,0.42345,0.0019,0.25312,0.79944,0.00096248,0.00096248,0.00096248
264,1155.4,0.45606,0.38304,0.02496,0.26916,0.80589,0.99972,1,0.995,0.90092,0.99469,0.99497,0.9948,0.91827,0.50837,0.41092,0.00168,0.24447,0.80076,0.00095852,0.00095852,0.00095852
265,1159.78,0.47792,0.39119,0.02474,0.269,0.81506,0.99971,1,0.995,0.90139,0.99469,0.99497,0.9949,0.91098,0.50465,0.41773,0.0023,0.24809,0.80425,0.00095456,0.00095456,0.00095456
266,1164.16,0.48262,0.41579,0.02989,0.27653,0.81228,0.99971,1,0.995,0.90329,0.99469,0.99497,0.99485,0.91703,0.49357,0.41422,0.00203,0.24585,0.80117,0.0009506,0.0009506,0.0009506
267,1168.53,0.46382,0.41968,0.02803,0.26881,0.80966,0.99971,1,0.995,0.91299,0.99468,0.99497,0.9949,0.92393,0.49037,0.39533,0.00247,0.24317,0.79977,0.00094664,0.00094664,0.00094664
268,1172.89,0.46739,0.42567,0.02567,0.27535,0.81469,1,1,0.995,0.90756,0.98995,0.98995,0.99018,0.9243,0.50023,0.38625,0.00213,0.24648,0.80025,0.00094268,0.00094268,0.00094268
269,1177.28,0.46037,0.35256,0.0288,0.26966,0.80239,0.99973,1,0.995,0.90436,0.9947,0.99497,0.99294,0.92535,0.49934,0.40313,0.0021,0.24215,0.79637,0.00093872,0.00093872,0.00093872
270,1181.65,0.46658,0.35533,0.0232,0.27277,0.80304,0.99971,1,0.995,0.90767,0.98966,0.98995,0.99035,0.91267,0.49588,0.42972,0.00171,0.2425,0.80036,0.00093476,0.00093476,0.00093476
271,1186.03,0.44492,0.35431,0.03248,0.26292,0.80953,0.99971,1,0.995,0.90873,0.98966,0.98995,0.99283,0.91479,0.48765,0.42137,0.00207,0.24425,0.7995,0.0009308,0.0009308,0.0009308
272,1190.4,0.46743,0.38624,0.02357,0.27357,0.79965,0.99971,1,0.995,0.9139,0.99478,0.99497,0.995,0.91202,0.48049,0.41724,0.00207,0.24544,0.80014,0.00092684,0.00092684,0.00092684
273,1194.79,0.45556,0.39685,0.02786,0.26748,0.80584,0.99971,1,0.995,0.90718,0.99471,0.99497,0.995,0.92423,0.50449,0.42709,0.00198,0.24563,0.80393,0.00092288,0.00092288,0.00092288
274,1199.19,0.4685,0.38985,0.02833,0.26531,0.80924,1,1,0.995,0.90544,0.99497,0.99497,0.99495,0.92986,0.49862,0.4004,0.00268,0.24325,0.80029,0.00091892,0.00091892,0.00091892
275,1203.57,0.46517,0.39373,0.02625,0.26512,0.8054,1,1,0.995,0.91406,0.99497,0.99497,0.99495,0.92537,0.48441,0.4167,0.00187,0.24166,0.79799,0.00091496,0.00091496,0.00091496
276,1207.95,0.4749,0.38035,0.03262,0.2791,0.80362,0.99971,1,0.995,0.90192,0.98966,0.98995,0.99191,0.92683,0.50876,0.40133,0.00236,0.25194,0.80088,0.000911,0.000911,0.000911
277,1212.33,0.49328,0.39799,0.02524,0.28163,0.80479,0.9997,1,0.995,0.90545,0.99468,0.99497,0.99495,0.91826,0.50911,0.42769,0.00231,0.25047,0.79932,0.00090704,0.00090704,0.00090704
278,1216.72,0.47624,0.3967,0.02653,0.27035,0.81036,1,1,0.995,0.90419,0.98995,0.98995,0.9926,0.91692,0.50056,0.42021,0.00191,0.24692,0.79842,0.00090308,0.00090308,0.00090308
279,1221.1,0.48275,0.36655,0.02626,0.27012,0.79795,0.99971,1,0.995,0.90552,0.98966,0.98995,0.99087,0.91214,0.51287,0.40708,0.00166,0.25352,0.80055,0.00089912,0.00089912,0.00089912
280,1225.48,0.4651,0.35711,0.02649,0.26421,0.81075,0.99971,1,0.995,0.90602,0.9897,0.98995,0.99135,0.91412,0.49759,0.41476,0.00177,0.24234,0.80259,0.00089516,0.00089516,0.00089516
281,1229.86,0.44816,0.35778,0.023,0.2594,0.81153,0.99971,1,0.995,0.90034,0.99468,0.99497,0.99495,0.92136,0.51349,0.4,0.00184,0.24686,0.80384,0.0008912,0.0008912,0.0008912
282,1234.23,0.46016,0.39277,0.02675,0.267,0.81792,0.99971,1,0.995,0.91238,0.98972,0.98995,0.99137,0.91705,0.49717,0.41007,0.00187,0.24412,0.80532,0.00088724,0.00088724,0.00088724
283,1238.61,0.46655,0.40136,0.02548,0.26653,0.8065,1,1,0.995,0.90333,0.98995,0.98995,0.99313,0.92203,0.51425,0.41888,0.00181,0.24809,0.80958,0.00088328,0.00088328,0.00088328
284,1242.99,0.46009,0.33812,0.03005,0.25948,0.80298,0.99971,1,0.995,0.90579,0.98967,0.98995,0.99123,0.91323,0.51031,0.43003,0.00162,0.24774,0.80232,0.00087932,0.00087932,0.00087932
285,1247.37,0.4672,0.38453,0.02391,0.27006,0.80515,1,1,0.995,0.90441,0.99497,0.99497,0.99495,0.91017,0.50372,0.4205,0.00228,0.24706,0.80747,0.00087536,0.00087536,0.00087536
286,1251.74,0.47054,0.3854,0.0272,0.26961,0.81011,1,1,0.995,0.90678,0.98995,0.98995,0.99172,0.91641,0.49834,0.42936,0.00177,0.24608,0.8066,0.0008714,0.0008714,0.0008714
287,1256.11,0.45247,0.3325,0.02685,0.25926,0.80283,1,1,0.995,0.90548,0.99497,0.99497,0.995,0.921,0.49639,0.39207,0.00167,0.24436,0.80336,0.00086744,0.00086744,0.00086744
288,1260.48,0.4484,0.31276,0.0247,0.26126,0.79808,1,1,0.995,0.90785,0.99497,0.99497,0.995,0.91449,0.49791,0.40166,0.00192,0.24676,0.80092,0.00086348,0.00086348,0.00086348
289,1264.88,0.45758,0.37318,0.02601,0.2682,0.80556,0.99971,1,0.995,0.89839,0.99468,0.99497,0.99495,0.91186,0.51106,0.41337,0.00197,0.25123,0.80018,0.00085952,0.00085952,0.00085952
290,1269.26,0.446,0.36124,0.03047,0.26597,0.80874,1,1,0.995,0.90623,0.99497,0.99497,0.9942,0.91855,0.49775,0.40946,0.00191,0.24407,0.80046,0.00085556,0.00085556,0.00085556
291,1273.64,0.46959,0.37773,0.02976,0.26475,0.80738,0.99971,1,0.995,0.90593,0.99475,0.99497,0.995,0.91592,0.49553,0.4026,0.00161,0.24689,0.79848,0.0008516,0.0008516,0.0008516
292,1278.02,0.44679,0.31221,0.02189,0.25531,0.80645,1,1,0.995,0.91036,0.99497,0.99497,0.99495,0.91125,0.49688,0.40162,0.00148,0.24105,0.80025,0.00084764,0.00084764,0.00084764
293,1282.38,0.43975,0.3264,0.0276,0.25779,0.80235,1,1,0.995,0.90662,0.99497,0.99497,0.99465,0.92307,0.49105,0.38414,0.0016,0.23719,0.79926,0.00084368,0.00084368,0.00084368
294,1286.76,0.44324,0.34337,0.03128,0.2566,0.80603,0.99972,1,0.995,0.90644,0.9947,0.99497,0.99485,0.92555,0.48925,0.38921,0.00158,0.23799,0.79996,0.00083972,0.00083972,0.00083972
295,1291.14,0.44677,0.30714,0.02489,0.25673,0.80718,0.99971,1,0.995,0.91324,0.98967,0.98995,0.99136,0.91827,0.48512,0.39614,0.00221,0.23741,0.80045,0.00083576,0.00083576,0.00083576
296,1295.51,0.43473,0.32869,0.02622,0.24739,0.80115,1,1,0.995,0.9058,0.99497,0.99497,0.995,0.92115,0.4969,0.3992,0.00205,0.24146,0.80355,0.0008318,0.0008318,0.0008318
297,1299.9,0.43706,0.30874,0.02438,0.25037,0.80126,1,1,0.995,0.90937,0.99497,0.99497,0.99495,0.92409,0.49057,0.38711,0.00186,0.24286,0.80041,0.00082784,0.00082784,0.00082784
298,1304.27,0.45294,0.33131,0.02759,0.26483,0.80525,1,1,0.995,0.91307,0.98995,0.98995,0.99232,0.92645,0.48909,0.37649,0.00165,0.23829,0.80002,0.00082388,0.00082388,0.00082388
299,1308.65,0.4661,0.36858,0.02816,0.26745,0.81053,0.99971,1,0.995,0.91003,0.98966,0.98995,0.99216,0.92554,0.48952,0.38433,0.00172,0.24252,0.80125,0.00081992,0.00081992,0.00081992
300,1313.03,0.43913,0.35219,0.02645,0.25888,0.80737,0.99971,1,0.995,0.91342,0.99469,0.99497,0.99435,0.93151,0.48784,0.38476,0.00141,0.2391,0.80278,0.00081596,0.00081596,0.00081596
301,1317.43,0.43731,0.34882,0.02701,0.25895,0.79765,0.99971,1,0.995,0.91027,0.98966,0.98995,0.99263,0.92112,0.48638,0.4031,0.00169,0.24085,0.80055,0.000812,0.000812,0.000812
302,1321.79,0.43581,0.32567,0.02103,0.2514,0.80703,0.9997,1,0.995,0.90976,0.98965,0.98995,0.99177,0.92994,0.49289,0.38195,0.00178,0.23976,0.79978,0.00080804,0.00080804,0.00080804
303,1326.18,0.45626,0.35428,0.02975,0.2642,0.80189,0.99972,1,0.995,0.90879,0.99469,0.99497,0.9949,0.92201,0.49338,0.4053,0.00162,0.23847,0.80179,0.00080408,0.00080408,0.00080408
304,1330.55,0.45781,0.38052,0.02974,0.26523,0.79739,0.99971,1,0.995,0.91671,0.99469,0.99497,0.99495,0.92767,0.48286,0.38872,0.00145,0.23957,0.79699,0.00080012,0.00080012,0.00080012
305,1334.92,0.44018,0.335,0.02509,0.25193,0.79446,0.99971,1,0.995,0.91175,0.99469,0.99497,0.99495,0.92987,0.49398,0.39036,0.00118,0.24276,0.79772,0.00079616,0.00079616,0.00079616
306,1339.28,0.45771,0.32357,0.02446,0.2617,0.80385,0.99971,1,0.995,0.91196,0.98966,0.98995,0.99155,0.92569,0.48577,0.39568,0.00128,0.2434,0.79721,0.0007922,0.0007922,0.0007922
307,1343.65,0.44479,0.32254,0.02848,0.25575,0.79722,0.99973,1,0.995,0.9106,0.9947,0.99497,0.99495,0.92356,0.48446,0.40564,0.00155,0.23939,0.79789,0.00078824,0.00078824,0.00078824
308,1348.02,0.4476,0.32908,0.02375,0.25486,0.80508,0.99972,1,0.995,0.91123,0.9947,0.99497,0.99485,0.926,0.48345,0.40046,0.00159,0.24095,0.79887,0.00078428,0.00078428,0.00078428
309,1352.4,0.43083,0.3072,0.02378,0.25249,0.8031,0.99971,1,0.995,0.90613,0.99469,0.99497,0.99495,0.92722,0.49731,0.40404,0.00162,0.24333,0.80138,0.00078032,0.00078032,0.00078032
310,1356.77,0.43943,0.30687,0.02225,0.25673,0.80551,0.99971,1,0.995,0.89961,0.98469,0.98492,0.98758,0.91767,0.50243,0.42151,0.00167,0.24748,0.80277,0.00077636,0.00077636,0.00077636
311,1361.15,0.43387,0.32573,0.0287,0.25112,0.80157,1,1,0.995,0.90874,1,1,0.995,0.91795,0.50491,0.40297,0.00166,0.24665,0.80238,0.0007724,0.0007724,0.0007724
312,1365.54,0.43351,0.3464,0.02632,0.2582,0.79612,0.99971,1,0.995,0.90975,0.99971,1,0.995,0.92969,0.49645,0.38027,0.00221,0.24259,0.7984,0.00076844,0.00076844,0.00076844
313,1369.9,0.43868,0.35306,0.0292,0.2568,0.80282,0.99971,1,0.995,0.90432,0.99971,1,0.995,0.92943,0.49021,0.37142,0.00207,0.23958,0.79696,0.00076448,0.00076448,0.00076448
314,1374.27,0.42876,0.34465,0.02531,0.25966,0.79815,0.99971,1,0.995,0.90669,0.99469,0.99497,0.99495,0.92182,0.48546,0.3838,0.0018,0.23631,0.79996,0.00076052,0.00076052,0.00076052
315,1378.65,0.43217,0.31581,0.03058,0.25459,0.8022,0.99972,1,0.995,0.91558,0.99473,0.99497,0.995,0.92182,0.49223,0.40171,0.00171,0.24563,0.80234,0.00075656,0.00075656,0.00075656
316,1383.03,0.43034,0.30515,0.0248,0.25584,0.79716,0.99971,1,0.995,0.90767,0.99468,0.99497,0.9946,0.92631,0.49066,0.40217,0.00173,0.24577,0.8006,0.0007526,0.0007526,0.0007526
317,1387.4,0.43516,0.29973,0.02065,0.2505,0.79941,0.99972,1,0.995,0.90393,0.98967,0.98995,0.9932,0.92098,0.48192,0.41024,0.00169,0.24344,0.80118,0.00074864,0.00074864,0.00074864
318,1391.77,0.42482,0.32154,0.02869,0.25291,0.80258,0.99971,1,0.995,0.90087,0.99469,0.99497,0.99269,0.91133,0.48973,0.39817,0.00151,0.23969,0.80291,0.00074468,0.00074468,0.00074468
319,1396.15,0.41774,0.31834,0.02349,0.2518,0.79899,0.99971,1,0.995,0.9047,0.99971,1,0.995,0.91846,0.49036,0.3991,0.00177,0.2436,0.80505,0.00074072,0.00074072,0.00074072
320,1400.52,0.42683,0.30549,0.02753,0.24915,0.79197,1,1,0.995,0.90582,0.99497,0.99497,0.99445,0.92205,0.49551,0.37895,0.0016,0.24341,0.80162,0.00073676,0.00073676,0.00073676
321,1404.88,0.433,0.32095,0.02301,0.25404,0.79474,0.99972,1,0.995,0.90446,0.9947,0.99497,0.99389,0.91839,0.49396,0.38843,0.00155,0.24472,0.80305,0.0007328,0.0007328,0.0007328
322,1409.26,0.45469,0.32906,0.03242,0.26433,0.79917,0.99973,1,0.995,0.90392,0.9947,0.99497,0.9949,0.91925,0.49931,0.40053,0.00164,0.24815,0.80338,0.00072884,0.00072884,0.00072884
323,1413.63,0.42551,0.30384,0.02635,0.25111,0.80005,0.99973,1,0.995,0.90673,0.99471,0.99497,0.99475,0.91906,0.49564,0.40011,0.00171,0.24189,0.80401,0.00072488,0.00072488,0.00072488
324,1418,0.43418,0.31304,0.0274,0.24479,0.80511,0.99972,1,0.995,0.90712,0.99972,1,0.995,0.9249,0.49605,0.37362,0.00146,0.24047,0.79975,0.00072092,0.00072092,0.00072092
325,1422.38,0.4341,0.37456,0.03014,0.2498,0.80561,0.99972,1,0.995,0.9064,0.99972,1,0.995,0.92815,0.48617,0.37848,0.0018,0.24143,0.79939,0.00071696,0.00071696,0.00071696
326,1426.75,0.42439,0.32644,0.02329,0.24747,0.79861,1,1,0.995,0.91181,0.99497,0.99497,0.9949,0.92201,0.49744,0.39186,0.00195,0.24445,0.80113,0.000713,0.000713,0.000713
327,1431.12,0.43588,0.35853,0.02342,0.25309,0.80014,1,1,0.995,0.90926,1,1,0.995,0.91524,0.49763,0.41159,0.00154,0.24001,0.80154,0.00070904,0.00070904,0.00070904
328,1435.49,0.43365,0.34009,0.02685,0.2475,0.80472,1,1,0.995,0.90623,0.99497,0.99497,0.99269,0.91383,0.49021,0.41651,0.0018,0.24147,0.8024,0.00070508,0.00070508,0.00070508
329,1439.86,0.43314,0.31322,0.03198,0.24972,0.79918,1,1,0.995,0.90224,1,1,0.995,0.92191,0.50153,0.39098,0.00197,0.25023,0.80514,0.00070112,0.00070112,0.00070112
330,1444.24,0.42501,0.27758,0.02035,0.24162,0.79401,0.99972,1,0.995,0.89765,0.99972,1,0.995,0.9213,0.49402,0.39091,0.00174,0.24493,0.80053,0.00069716,0.00069716,0.00069716
331,1448.63,0.41818,0.3056,0.02504,0.24116,0.8004,0.99972,1,0.995,0.90323,0.99469,0.99497,0.9947,0.91036,0.48546,0.39527,0.00186,0.24276,0.79927,0.0006932,0.0006932,0.0006932
332,1453.01,0.41897,0.28082,0.02311,0.24654,0.79814,0.9997,1,0.995,0.90296,0.98966,0.98995,0.99203,0.91349,0.49555,0.40531,0.00169,0.24707,0.80164,0.00068924,0.00068924,0.00068924
333,1457.39,0.44202,0.29878,0.02032,0.25401,0.7932,0.9997,1,0.995,0.90433,0.99467,0.99497,0.99495,0.90818,0.49179,0.41111,0.00165,0.24644,0.80139,0.00068528,0.00068528,0.00068528
334,1461.76,0.43724,0.30401,0.02786,0.24697,0.80295,0.99972,1,0.995,0.90305,0.99972,1,0.995,0.92075,0.49851,0.39141,0.00182,0.24174,0.80264,0.00068132,0.00068132,0.00068132
335,1466.14,0.42529,0.30886,0.02295,0.24601,0.79995,1,1,0.995,0.91149,1,1,0.995,0.92355,0.48401,0.37989,0.00148,0.23595,0.79825,0.00067736,0.00067736,0.00067736
336,1470.52,0.42314,0.30365,0.02516,0.24826,0.8033,1,1,0.995,0.91378,1,1,0.995,0.92704,0.48387,0.37504,0.00213,0.24031,0.79998,0.0006734,0.0006734,0.0006734
337,1474.9,0.42651,0.30841,0.02586,0.24251,0.79956,0.9997,1,0.995,0.90394,0.9997,1,0.995,0.91203,0.48426,0.39275,0.00202,0.23511,0.8036,0.00066944,0.00066944,0.00066944
338,1479.27,0.43114,0.3155,0.02629,0.2487,0.79666,0.99971,1,0.995,0.9098,0.99971,1,0.995,0.92028,0.48785,0.38957,0.00189,0.23533,0.80231,0.00066548,0.00066548,0.00066548
339,1483.66,0.42379,0.276,0.02075,0.24024,0.80329,0.99971,1,0.995,0.90865,0.99971,1,0.995,0.91337,0.49138,0.40381,0.00212,0.23849,0.80192,0.00066152,0.00066152,0.00066152
340,1488.03,0.41826,0.34334,0.02064,0.24115,0.79835,0.99971,1,0.995,0.91075,0.99971,1,0.995,0.91475,0.49437,0.41511,0.0015,0.23439,0.80146,0.00065756,0.00065756,0.00065756
341,1492.4,0.42467,0.31024,0.02248,0.2436,0.7979,0.99971,1,0.995,0.90879,0.99971,1,0.995,0.91888,0.4968,0.40183,0.00141,0.23694,0.80211,0.0006536,0.0006536,0.0006536
342,1496.76,0.41916,0.319,0.02436,0.24443,0.80348,0.99972,1,0.995,0.91225,0.99972,1,0.995,0.91753,0.49004,0.39849,0.00116,0.23609,0.80153,0.00064964,0.00064964,0.00064964
343,1501.13,0.4269,0.29301,0.02391,0.24614,0.79788,1,1,0.995,0.91275,1,1,0.995,0.92351,0.48483,0.39586,0.00141,0.23538,0.8008,0.00064568,0.00064568,0.00064568
344,1505.51,0.4082,0.30146,0.02636,0.24285,0.79491,1,1,0.995,0.91648,0.99497,0.99497,0.99495,0.92198,0.47602,0.39576,0.00147,0.23359,0.79721,0.00064172,0.00064172,0.00064172
345,1509.88,0.41065,0.28254,0.0242,0.23875,0.79922,0.99972,1,0.995,0.91693,0.99972,1,0.995,0.92744,0.48196,0.37256,0.00146,0.23242,0.79725,0.00063776,0.00063776,0.00063776
346,1514.26,0.43503,0.29809,0.02067,0.2457,0.80127,0.99972,1,0.995,0.90979,0.99972,1,0.995,0.93119,0.49351,0.36806,0.00167,0.23835,0.80394,0.0006338,0.0006338,0.0006338
347,1518.62,0.42419,0.2955,0.02502,0.2451,0.80449,0.99971,1,0.995,0.91251,0.99971,1,0.995,0.92017,0.48799,0.38289,0.00186,0.23752,0.80706,0.00062984,0.00062984,0.00062984
348,1522.99,0.41317,0.32156,0.02408,0.24063,0.79182,0.99971,1,0.995,0.91392,0.99971,1,0.995,0.92164,0.48639,0.3949,0.00124,0.23753,0.80668,0.00062588,0.00062588,0.00062588
349,1527.37,0.42998,0.28536,0.02011,0.24878,0.79399,0.99971,1,0.995,0.90879,0.99971,1,0.995,0.91826,0.48909,0.4112,0.00158,0.2377,0.80746,0.00062192,0.00062192,0.00062192
350,1531.75,0.42507,0.29703,0.02702,0.24903,0.80796,0.99972,1,0.995,0.90781,0.99972,1,0.995,0.92123,0.49868,0.40566,0.00138,0.23571,0.8033,0.00061796,0.00061796,0.00061796
351,1536.11,0.43201,0.30265,0.02745,0.25391,0.79381,0.99974,1,0.995,0.90746,0.99974,1,0.995,0.92549,0.48806,0.39484,0.00121,0.23406,0.79973,0.000614,0.000614,0.000614
352,1540.5,0.41558,0.24614,0.02398,0.24141,0.78528,0.99972,1,0.995,0.91334,0.99972,1,0.995,0.91407,0.47371,0.39696,0.00141,0.2306,0.8003,0.00061004,0.00061004,0.00061004
353,1544.87,0.41444,0.29051,0.02378,0.24566,0.79699,0.99971,1,0.995,0.90861,0.99971,1,0.995,0.922,0.48648,0.37065,0.00126,0.23343,0.80043,0.00060608,0.00060608,0.00060608
354,1549.25,0.41237,0.29933,0.02617,0.24579,0.79684,0.99971,1,0.995,0.90733,0.99971,1,0.995,0.91963,0.49559,0.38421,0.0013,0.2333,0.80229,0.00060212,0.00060212,0.00060212
355,1553.64,0.41572,0.2951,0.02654,0.24336,0.79204,0.99971,1,0.995,0.90797,0.99971,1,0.995,0.91873,0.4896,0.385,0.00173,0.23468,0.7997,0.00059816,0.00059816,0.00059816
356,1558.01,0.41602,0.30852,0.02844,0.24974,0.79492,0.99972,1,0.995,0.90836,0.99972,1,0.995,0.91456,0.50038,0.38516,0.00158,0.23919,0.80278,0.0005942,0.0005942,0.0005942
357,1562.4,0.4165,0.31035,0.02691,0.24722,0.80394,0.99972,1,0.995,0.90861,0.99972,1,0.995,0.92342,0.49105,0.37626,0.00154,0.23531,0.80193,0.00059024,0.00059024,0.00059024
358,1566.78,0.42167,0.29573,0.02863,0.24611,0.79801,0.99972,1,0.995,0.90907,0.99972,1,0.995,0.92505,0.48301,0.3823,0.00173,0.2322,0.8015,0.00058628,0.00058628,0.00058628
359,1571.17,0.42876,0.30176,0.02463,0.249,0.79996,0.99973,1,0.995,0.90979,0.99973,1,0.995,0.91804,0.48364,0.40798,0.00203,0.23439,0.80594,0.00058232,0.00058232,0.00058232
360,1575.56,0.41177,0.30755,0.02163,0.24343,0.78952,0.99972,1,0.995,0.90886,0.99972,1,0.995,0.92428,0.48603,0.40095,0.0016,0.23329,0.80272,0.00057836,0.00057836,0.00057836
361,1579.95,0.40883,0.27881,0.0256,0.23955,0.79357,0.99972,1,0.995,0.90794,0.99972,1,0.995,0.92381,0.48548,0.38131,0.00137,0.23079,0.79867,0.0005744,0.0005744,0.0005744
362,1584.33,0.40996,0.29433,0.02564,0.23895,0.79287,1,1,0.995,0.91247,0.99497,0.99497,0.99224,0.9178,0.48471,0.39207,0.00182,0.23161,0.79643,0.00057044,0.00057044,0.00057044
363,1588.72,0.41712,0.30259,0.02502,0.24733,0.79552,1,1,0.995,0.91446,1,1,0.995,0.9218,0.47826,0.37217,0.00169,0.22827,0.79899,0.00056648,0.00056648,0.00056648
364,1593.1,0.41137,0.25717,0.02191,0.24023,0.79825,0.99972,1,0.995,0.91243,0.99972,1,0.995,0.92572,0.48661,0.3729,0.00162,0.227,0.7999,0.00056252,0.00056252,0.00056252
365,1597.48,0.40629,0.2939,0.03433,0.23785,0.79961,0.99971,1,0.995,0.90826,0.99971,1,0.995,0.92713,0.4857,0.3691,0.00144,0.23158,0.80089,0.00055856,0.00055856,0.00055856
366,1601.84,0.41859,0.30255,0.01983,0.24472,0.79933,0.99971,1,0.995,0.91121,0.99971,1,0.995,0.92226,0.48153,0.36988,0.00154,0.23196,0.80011,0.0005546,0.0005546,0.0005546
367,1606.23,0.4094,0.29346,0.02587,0.23789,0.80069,1,1,0.995,0.91711,1,1,0.995,0.9195,0.47075,0.37028,0.00147,0.22681,0.79769,0.00055064,0.00055064,0.00055064
368,1610.61,0.41485,0.30423,0.02883,0.24282,0.80106,0.99971,1,0.995,0.91479,0.99971,1,0.995,0.92456,0.47728,0.37043,0.00158,0.22804,0.79842,0.00054668,0.00054668,0.00054668
369,1614.98,0.40079,0.27107,0.02346,0.23731,0.79865,0.99971,1,0.995,0.91091,0.99971,1,0.995,0.91743,0.48194,0.3828,0.00131,0.22662,0.8021,0.00054272,0.00054272,0.00054272
370,1619.35,0.41272,0.25719,0.02542,0.23587,0.79463,1,1,0.995,0.91244,1,1,0.995,0.92156,0.4782,0.37457,0.00152,0.22893,0.80178,0.00053876,0.00053876,0.00053876
371,1623.73,0.407,0.29212,0.0193,0.23727,0.79843,0.99971,1,0.995,0.90601,0.99971,1,0.995,0.92006,0.48799,0.38917,0.00143,0.23067,0.80309,0.0005348,0.0005348,0.0005348
372,1628.11,0.41085,0.29384,0.02141,0.25046,0.7887,0.99971,1,0.995,0.91143,0.99971,1,0.995,0.92588,0.48234,0.38144,0.00138,0.22631,0.80039,0.00053084,0.00053084,0.00053084
373,1632.47,0.43029,0.31233,0.02151,0.24608,0.79458,0.99972,1,0.995,0.90976,0.99972,1,0.995,0.92033,0.48844,0.39239,0.00147,0.22531,0.8031,0.00052688,0.00052688,0.00052688
374,1636.86,0.40371,0.25712,0.02322,0.2403,0.79462,0.99973,1,0.995,0.91232,0.99973,1,0.995,0.92249,0.47988,0.38214,0.00146,0.22514,0.80045,0.00052292,0.00052292,0.00052292
375,1641.24,0.40729,0.26526,0.02331,0.23381,0.79419,0.99972,1,0.995,0.91433,0.99972,1,0.995,0.92595,0.48521,0.3774,0.00151,0.22512,0.79889,0.00051896,0.00051896,0.00051896
376,1645.6,0.40726,0.25794,0.01698,0.23217,0.79207,0.99971,1,0.995,0.90852,0.99971,1,0.995,0.92291,0.48842,0.3815,0.00124,0.22851,0.79911,0.000515,0.000515,0.000515
377,1650.03,0.41339,0.2971,0.02748,0.24014,0.79717,0.99971,1,0.995,0.91124,0.99971,1,0.995,0.92536,0.4812,0.37087,0.00131,0.22418,0.79849,0.00051104,0.00051104,0.00051104
378,1654.4,0.39811,0.2699,0.02776,0.23588,0.7903,0.99972,1,0.995,0.91283,0.99972,1,0.995,0.9274,0.4773,0.37046,0.00135,0.22786,0.80023,0.00050708,0.00050708,0.00050708
379,1658.76,0.40789,0.29558,0.02537,0.23918,0.79837,0.99972,1,0.995,0.91209,0.99972,1,0.995,0.92491,0.47768,0.38614,0.00145,0.22872,0.8022,0.00050312,0.00050312,0.00050312
380,1663.14,0.40254,0.28984,0.02326,0.23559,0.79885,0.99971,1,0.995,0.91276,0.99971,1,0.995,0.92441,0.48414,0.38209,0.00153,0.23009,0.80113,0.00049916,0.00049916,0.00049916
381,1667.51,0.41111,0.27169,0.02847,0.23601,0.80142,0.99972,1,0.995,0.91321,0.99972,1,0.995,0.92203,0.48187,0.38708,0.00168,0.22447,0.80152,0.0004952,0.0004952,0.0004952
382,1671.88,0.39721,0.27791,0.02729,0.23604,0.798,1,1,0.995,0.91697,1,1,0.995,0.92523,0.47598,0.38423,0.00157,0.22238,0.80085,0.00049124,0.00049124,0.00049124
383,1676.26,0.40756,0.26161,0.02605,0.24074,0.80086,0.99972,1,0.995,0.91351,0.99972,1,0.995,0.92561,0.47924,0.37463,0.00147,0.22791,0.80027,0.00048728,0.00048728,0.00048728
384,1680.63,0.39628,0.27023,0.02899,0.23205,0.80318,0.99972,1,0.995,0.91846,0.99972,1,0.995,0.92356,0.47,0.37085,0.00158,0.22232,0.79694,0.00048332,0.00048332,0.00048332
385,1685,0.41172,0.25267,0.02185,0.23377,0.7937,0.99972,1,0.995,0.90932,0.99972,1,0.995,0.92124,0.48594,0.37587,0.00153,0.22576,0.7971,0.00047936,0.00047936,0.00047936
386,1689.36,0.40568,0.2741,0.02404,0.236,0.79338,1,1,0.995,0.91333,1,1,0.995,0.92263,0.48532,0.37677,0.00144,0.22343,0.79694,0.0004754,0.0004754,0.0004754
387,1693.71,0.40101,0.27671,0.02112,0.23774,0.79529,1,1,0.995,0.92005,0.99497,0.99497,0.99249,0.92147,0.47868,0.37741,0.0015,0.2271,0.79881,0.00047144,0.00047144,0.00047144
388,1698.09,0.39917,0.28899,0.02201,0.23543,0.79508,0.99973,1,0.995,0.91439,0.9947,0.99497,0.99289,0.92535,0.47514,0.36141,0.00143,0.22196,0.79587,0.00046748,0.00046748,0.00046748
389,1702.45,0.40315,0.27258,0.02485,0.23172,0.79913,0.99972,1,0.995,0.91409,0.99972,1,0.995,0.92922,0.48065,0.36181,0.00123,0.22574,0.79775,0.00046352,0.00046352,0.00046352
390,1706.83,0.39128,0.26147,0.02689,0.22812,0.79213,0.99972,1,0.995,0.91799,0.99972,1,0.995,0.92643,0.46949,0.36483,0.00119,0.22304,0.79595,0.00045956,0.00045956,0.00045956
391,1711.22,0.39438,0.25203,0.02193,0.2302,0.79403,0.99971,1,0.995,0.92012,0.99971,1,0.995,0.92441,0.47334,0.36464,0.00133,0.22128,0.796,0.0004556,0.0004556,0.0004556
392,1715.58,0.39727,0.28424,0.02507,0.23109,0.80022,0.99971,1,0.995,0.91429,0.99971,1,0.995,0.92395,0.4784,0.35899,0.0016,0.22376,0.79761,0.00045164,0.00045164,0.00045164
393,1719.96,0.39006,0.23208,0.01878,0.22637,0.79114,0.99972,1,0.995,0.91436,0.99972,1,0.995,0.92174,0.47671,0.3762,0.0018,0.22531,0.80028,0.00044768,0.00044768,0.00044768
394,1724.33,0.38899,0.28985,0.02637,0.23257,0.79855,0.99972,1,0.995,0.91573,0.99469,0.99497,0.99224,0.92051,0.47697,0.37956,0.00156,0.22042,0.79944,0.00044372,0.00044372,0.00044372
395,1728.69,0.41095,0.3369,0.02583,0.23734,0.80414,0.99972,1,0.995,0.91606,0.99972,1,0.995,0.92044,0.48082,0.37203,0.00134,0.22175,0.79871,0.00043976,0.00043976,0.00043976
396,1733.07,0.3917,0.25805,0.02118,0.22809,0.79496,0.99972,1,0.995,0.92059,0.99972,1,0.995,0.92179,0.47712,0.37338,0.0013,0.22096,0.79739,0.0004358,0.0004358,0.0004358
397,1737.5,0.38986,0.26066,0.0212,0.23056,0.7924,0.99972,1,0.995,0.91489,0.99972,1,0.995,0.91853,0.47508,0.36979,0.00137,0.22417,0.7972,0.00043184,0.00043184,0.00043184
398,1741.87,0.38665,0.25919,0.02284,0.23097,0.79875,0.99971,1,0.995,0.91191,0.99971,1,0.995,0.92433,0.47293,0.36608,0.00151,0.22274,0.79714,0.00042788,0.00042788,0.00042788
399,1746.26,0.39672,0.28138,0.02469,0.2341,0.78837,0.99971,1,0.995,0.91282,0.99971,1,0.995,0.92892,0.47792,0.36114,0.00154,0.22559,0.79644,0.00042392,0.00042392,0.00042392
400,1750.64,0.39703,0.26621,0.02442,0.22756,0.79874,0.99969,1,0.995,0.9128,0.99969,1,0.995,0.92645,0.47354,0.37078,0.00142,0.22109,0.79837,0.00041996,0.00041996,0.00041996
