Timestamp,Parrot X RAW,Parrot Y RAW,Parrot Z RAW,Parrot X YOLO,Parrot Y YOLO,Parrot Z YOLO,Parrot X Vicon,Parrot Y Vicon,Parrot Z Vicon,Parrot X_Speed RAW,Parrot Y_Speed RAW,Parrot Z_Speed RAW,Parrot X_Speed YOLO,Parrot Y_Speed YOLO,Parrot Z_Speed YOLO,Parrot X_Speed Vicon,Parrot Y_Speed Vicon,Parrot Z_Speed Vicon
0.0,1.554,0.058,1.161,1.554,0.058,1.161,1.278,0.125,1.033,2.023,0.18,0.569,0.066,-0.001,0.041,0.033,-0.0,0.038
0.04,1.541,0.056,1.16,1.541,0.056,1.16,1.278,0.124,1.035,-0.166,-0.026,-0.013,0.033,-0.005,0.033,0.028,-0.001,0.036
0.08,1.533,0.057,1.16,1.533,0.057,1.16,1.278,0.124,1.035,-0.304,0.033,-0.023,0.027,-0.004,0.032,0.028,-0.001,0.035
0.12,1.511,0.055,1.16,1.511,0.055,1.16,1.277,0.124,1.035,-0.198,-0.005,0.029,0.001,-0.006,0.03,0.025,-0.002,0.032
0.16,1.5,0.054,1.159,1.5,0.054,1.159,1.278,0.123,1.035,-0.207,-0.031,-0.021,-0.011,-0.008,0.027,0.024,-0.002,0.03
0.2,1.481,0.053,1.158,1.481,0.053,1.158,1.277,0.123,1.035,-0.074,0.021,0.002,-0.021,-0.008,0.025,0.023,-0.002,0.029
0.24000000000000002,1.487,0.052,1.159,1.487,0.052,1.159,1.278,0.123,1.035,0.235,-0.015,0.055,-0.017,-0.008,0.025,0.023,-0.002,0.029
0.28,1.526,0.05,1.171,1.526,0.05,1.171,1.277,0.123,1.036,-0.538,0.039,-0.079,0.046,-0.011,0.04,0.021,-0.003,0.027
0.32,1.479,0.052,1.158,1.479,0.052,1.158,1.277,0.122,1.036,-0.884,0.033,-0.238,-0.018,-0.008,0.021,0.019,-0.003,0.026
0.36,1.458,0.054,1.155,1.458,0.054,1.155,1.277,0.122,1.037,-0.665,0.043,-0.088,-0.031,-0.007,0.019,0.018,-0.003,0.026
0.39999999999999997,1.456,0.053,1.155,1.456,0.053,1.155,1.277,0.121,1.038,-0.039,-0.018,-0.015,-0.031,-0.007,0.016,0.017,-0.003,0.025
0.43999999999999995,1.433,0.051,1.152,1.433,0.051,1.152,1.277,0.121,1.04,-0.997,-0.058,-0.115,-0.043,-0.008,0.014,0.016,-0.004,0.025
0.4799999999999999,1.444,0.054,1.154,1.444,0.054,1.154,1.277,0.12,1.04,0.188,0.039,0.037,-0.022,-0.003,0.016,0.014,-0.004,0.024
0.5199999999999999,1.433,0.054,1.154,1.433,0.054,1.154,1.276,0.12,1.041,-0.425,0.022,0.011,-0.029,-0.003,0.016,0.014,-0.004,0.024
0.5599999999999999,1.445,0.054,1.158,1.445,0.054,1.158,1.276,0.119,1.041,0.153,-0.003,0.049,-0.005,-0.003,0.02,0.012,-0.005,0.022
0.6,1.464,0.053,1.163,1.464,0.053,1.163,1.276,0.12,1.042,0.7,-0.029,0.161,0.006,-0.004,0.023,0.012,-0.005,0.022
0.64,1.484,0.053,1.167,1.484,0.053,1.167,1.276,0.119,1.043,0.349,0.004,0.079,0.029,-0.003,0.026,0.011,-0.005,0.022
0.68,1.481,0.054,1.167,1.481,0.054,1.167,1.276,0.118,1.045,-2.072,-0.003,-0.11,0.032,-0.002,0.026,0.01,-0.005,0.023
0.7200000000000001,1.528,0.053,1.177,1.528,0.053,1.177,1.276,0.118,1.046,0.243,-0.007,0.075,0.073,-0.003,0.033,0.01,-0.005,0.022
0.7600000000000001,1.516,0.051,1.176,1.516,0.051,1.176,1.276,0.117,1.046,-0.424,-0.043,-0.033,0.064,-0.004,0.031,0.009,-0.006,0.022
0.8000000000000002,1.508,0.049,1.175,1.508,0.049,1.175,1.276,0.117,1.046,-0.149,-0.04,-0.014,0.048,-0.007,0.028,0.009,-0.006,0.02
0.8400000000000002,1.543,0.048,1.185,1.543,0.048,1.185,1.275,0.116,1.045,0.774,-0.041,0.171,0.073,-0.007,0.035,0.008,-0.006,0.018
0.8800000000000002,1.531,0.049,1.184,1.531,0.049,1.184,1.275,0.116,1.045,-0.245,0.057,-0.029,0.064,-0.006,0.033,0.007,-0.006,0.017
0.9200000000000003,1.514,0.047,1.181,1.514,0.047,1.181,1.269,0.114,1.043,-0.716,-0.042,-0.134,0.048,-0.008,0.028,0.001,-0.007,0.014
0.9600000000000003,1.504,0.044,1.179,1.504,0.044,1.179,1.268,0.114,1.043,-0.367,-0.09,-0.076,0.04,-0.009,0.026,0.001,-0.007,0.014
1.0000000000000002,1.515,0.045,1.181,1.515,0.045,1.181,1.259,0.112,1.041,0.186,0.01,0.045,0.054,-0.008,0.028,-0.013,-0.009,0.009
1.0400000000000003,1.477,0.045,1.174,1.478,0.045,1.174,1.251,0.111,1.038,-0.875,0.037,-0.157,0.023,-0.007,0.022,-0.02,-0.01,0.007
1.0800000000000003,1.436,0.045,1.167,1.436,0.045,1.167,1.249,0.11,1.038,-1.659,0.011,-0.289,-0.005,-0.006,0.017,-0.021,-0.01,0.006
1.1200000000000003,1.421,0.045,1.163,1.421,0.045,1.163,1.238,0.109,1.035,-0.282,0.029,-0.061,-0.016,-0.007,0.013,-0.028,-0.011,0.004
1.1600000000000004,1.421,0.045,1.163,1.421,0.045,1.163,1.238,0.109,1.035,-0.282,0.029,-0.061,-0.016,-0.007,0.013,-0.028,-0.011,0.004
1.2000000000000004,1.397,0.039,1.157,1.397,0.039,1.157,1.197,0.103,1.027,-0.468,-0.012,-0.103,-0.04,-0.017,0.003,-0.085,-0.017,-0.009
1.2400000000000004,1.413,0.037,1.159,1.413,0.037,1.159,1.178,0.1,1.024,0.468,-0.019,0.056,-0.029,-0.017,0.004,-0.094,-0.018,-0.011
1.2800000000000005,1.397,0.037,1.156,1.397,0.037,1.156,1.166,0.099,1.023,-0.553,-0.017,-0.112,-0.04,-0.017,0.002,-0.101,-0.019,-0.011
1.3200000000000005,1.368,0.035,1.15,1.368,0.035,1.15,1.139,0.095,1.02,-0.555,-0.029,-0.117,-0.074,-0.018,-0.006,-0.127,-0.022,-0.014
1.3600000000000005,1.331,0.032,1.142,1.331,0.032,1.142,1.126,0.093,1.02,-1.78,-0.181,-0.347,-0.09,-0.018,-0.01,-0.131,-0.023,-0.014
1.4000000000000006,1.306,0.03,1.137,1.306,0.03,1.137,1.101,0.089,1.019,-0.493,-0.052,-0.081,-0.118,-0.021,-0.015,-0.155,-0.027,-0.013
1.4400000000000006,1.327,0.028,1.142,1.327,0.028,1.142,1.081,0.086,1.019,1.31,-0.063,0.266,-0.098,-0.021,-0.011,-0.163,-0.028,-0.013
1.4800000000000006,1.335,0.025,1.144,1.335,0.025,1.144,1.066,0.084,1.02,0.174,-0.063,0.056,-0.083,-0.023,-0.008,-0.172,-0.029,-0.012
1.5200000000000007,1.365,0.026,1.149,1.365,0.026,1.149,1.052,0.082,1.02,0.854,0.007,0.143,-0.052,-0.022,-0.003,-0.179,-0.03,-0.011
1.5600000000000007,1.398,0.03,1.157,1.398,0.03,1.157,1.04,0.08,1.02,0.806,0.109,0.186,-0.016,-0.017,0.005,-0.184,-0.031,-0.011
1.6000000000000008,1.449,0.024,1.174,1.449,0.024,1.174,1.016,0.075,1.021,0.62,-0.068,0.201,0.085,-0.025,0.036,-0.2,-0.034,-0.008
1.6400000000000008,1.458,0.022,1.176,1.458,0.022,1.176,1.003,0.073,1.021,0.165,-0.048,0.048,0.089,-0.026,0.037,-0.202,-0.034,-0.007
1.6800000000000008,1.426,0.018,1.176,1.426,0.018,1.176,0.992,0.071,1.021,-1.003,-0.035,0.088,0.073,-0.027,0.036,-0.202,-0.035,-0.007
1.7200000000000009,1.343,0.018,1.164,1.344,0.018,1.164,0.972,0.067,1.021,-1.181,-0.0,-0.167,-0.06,-0.024,0.014,-0.212,-0.036,-0.006
1.760000000000001,1.259,0.01,1.154,1.259,0.01,1.154,0.971,0.067,1.021,-3.47,-0.322,-0.42,-0.104,-0.028,0.009,-0.209,-0.036,-0.006
1.800000000000001,1.23,0.001,1.155,1.23,0.001,1.155,0.943,0.063,1.022,-0.643,-0.134,-0.09,-0.119,-0.035,0.011,-0.222,-0.038,-0.005
1.840000000000001,1.193,-0.001,1.148,1.193,-0.001,1.148,0.922,0.06,1.021,-1.118,-0.058,-0.228,-0.144,-0.035,0.005,-0.233,-0.039,-0.005
1.880000000000001,1.077,-0.001,1.127,1.077,-0.001,1.127,0.883,0.054,1.02,-1.573,-0.004,-0.277,-0.312,-0.032,-0.028,-0.265,-0.044,-0.006
1.920000000000001,1.021,-0.002,1.119,1.021,-0.002,1.119,0.872,0.052,1.02,-2.33,-0.039,-0.343,-0.336,-0.032,-0.032,-0.267,-0.044,-0.006
1.960000000000001,0.988,-0.007,1.117,0.988,-0.007,1.117,0.836,0.047,1.02,-0.831,-0.101,-0.032,-0.338,-0.033,-0.032,-0.284,-0.046,-0.006
2.000000000000001,0.949,-0.011,1.112,0.949,-0.011,1.112,0.803,0.042,1.02,-0.845,-0.093,-0.112,-0.363,-0.036,-0.036,-0.305,-0.049,-0.006
2.040000000000001,0.924,-0.014,1.112,0.924,-0.014,1.112,0.751,0.035,1.02,0.005,0.001,0.07,-0.357,-0.036,-0.032,-0.328,-0.052,-0.006
2.080000000000001,0.88,-0.018,1.106,0.88,-0.018,1.106,0.736,0.033,1.02,-1.96,-0.177,-0.302,-0.377,-0.037,-0.036,-0.333,-0.052,-0.006
2.120000000000001,0.904,-0.022,1.118,0.904,-0.022,1.118,0.688,0.027,1.02,0.454,-0.229,0.29,-0.353,-0.039,-0.027,-0.353,-0.055,-0.005
2.160000000000001,0.947,-0.027,1.131,0.947,-0.027,1.13,0.664,0.023,1.02,0.95,-0.114,0.277,-0.283,-0.043,-0.011,-0.362,-0.056,-0.005
2.200000000000001,0.92,-0.028,1.13,0.92,-0.028,1.13,0.619,0.017,1.022,-0.54,-0.024,-0.019,-0.299,-0.042,-0.012,-0.396,-0.06,-0.003
2.240000000000001,0.906,-0.03,1.134,0.906,-0.03,1.134,0.598,0.014,1.022,-0.344,-0.049,0.098,-0.301,-0.042,-0.006,-0.401,-0.061,-0.002
2.280000000000001,0.873,-0.033,1.134,0.873,-0.033,1.134,0.584,0.012,1.022,-1.333,-0.109,0.013,-0.317,-0.043,-0.006,-0.403,-0.061,-0.002
2.320000000000001,0.91,-0.043,1.151,0.909,-0.043,1.151,0.529,0.004,1.024,0.527,-0.149,0.239,-0.22,-0.055,0.022,-0.445,-0.067,0.001
2.360000000000001,0.907,-0.049,1.17,0.907,-0.049,1.17,0.513,0.001,1.025,-0.062,-0.123,0.398,-0.212,-0.059,0.041,-0.439,-0.066,0.002
2.4000000000000012,0.846,-0.047,1.162,0.846,-0.047,1.162,0.493,-0.002,1.026,-2.318,0.079,-0.299,-0.245,-0.056,0.036,-0.445,-0.067,0.003
2.4400000000000013,0.872,-0.05,1.171,0.872,-0.05,1.171,0.473,-0.005,1.027,0.559,-0.066,0.19,-0.205,-0.057,0.043,-0.444,-0.067,0.003
2.4800000000000013,0.872,-0.05,1.171,0.872,-0.05,1.171,0.473,-0.005,1.027,0.559,-0.066,0.19,-0.205,-0.057,0.043,-0.444,-0.067,0.003
2.5200000000000014,0.853,-0.058,1.186,0.853,-0.058,1.186,0.414,-0.015,1.028,14.026,-0.324,3.681,-0.314,-0.058,0.034,-0.444,-0.068,0.005
2.5600000000000014,0.745,-0.059,1.166,0.745,-0.059,1.166,0.392,-0.018,1.028,-2.31,-0.024,-0.423,-0.396,-0.057,0.015,-0.444,-0.068,0.004
2.6000000000000014,0.674,-0.065,1.162,0.674,-0.065,1.162,0.376,-0.021,1.028,-1.36,-0.115,-0.081,-0.447,-0.06,0.01,-0.438,-0.067,0.004
2.6400000000000015,0.575,-0.072,1.147,0.575,-0.072,1.147,0.328,-0.028,1.028,-1.41,-0.1,-0.204,-0.533,-0.063,-0.009,-0.459,-0.07,0.004
2.6800000000000015,0.532,-0.075,1.14,0.532,-0.075,1.14,0.296,-0.032,1.027,-0.822,-0.065,-0.136,-0.547,-0.064,-0.015,-0.467,-0.071,0.003
2.7200000000000015,0.566,-0.08,1.16,0.566,-0.08,1.16,0.26,-0.036,1.026,0.678,-0.096,0.388,-0.492,-0.065,0.003,-0.477,-0.071,0.002
2.7600000000000016,0.538,-0.081,1.157,0.538,-0.081,1.157,0.223,-0.04,1.024,-0.581,-0.015,-0.061,-0.495,-0.063,0.0,-0.49,-0.071,0.0
2.8000000000000016,0.474,-0.085,1.145,0.474,-0.085,1.145,0.169,-0.044,1.022,-2.583,-0.039,-0.521,-0.512,-0.063,-0.005,-0.506,-0.072,-0.001
2.8400000000000016,0.424,-0.081,1.137,0.424,-0.081,1.137,0.146,-0.046,1.021,-1.015,0.068,-0.172,-0.537,-0.057,-0.013,-0.504,-0.07,-0.002
2.8800000000000017,0.366,-0.081,1.131,0.366,-0.081,1.131,0.109,-0.049,1.02,-1.505,0.013,-0.157,-0.569,-0.054,-0.018,-0.518,-0.07,-0.003
2.9200000000000017,0.496,-0.09,1.168,0.496,-0.09,1.167,0.055,-0.054,1.019,7.562,-0.353,1.907,-0.489,-0.056,-0.002,-0.528,-0.069,-0.004
2.9600000000000017,0.567,-0.095,1.193,0.567,-0.095,1.193,0.037,-0.055,1.018,2.671,-0.19,0.954,-0.437,-0.059,0.013,-0.53,-0.069,-0.004
3.0000000000000018,0.51,-0.095,1.196,0.51,-0.095,1.196,0.005,-0.058,1.017,-1.72,-0.049,-0.028,-0.443,-0.053,0.017,-0.523,-0.067,-0.005
3.040000000000002,0.385,-0.105,1.176,0.385,-0.105,1.176,-0.033,-0.061,1.015,-1.482,-0.297,-0.235,-0.514,-0.058,0.001,-0.527,-0.066,-0.006
3.080000000000002,0.301,-0.106,1.174,0.301,-0.106,1.174,-0.047,-0.062,1.014,-1.861,-0.016,-0.043,-0.583,-0.056,-0.001,-0.515,-0.064,-0.007
3.120000000000002,0.269,-0.106,1.168,0.269,-0.106,1.168,-0.077,-0.065,1.012,-0.531,-0.004,-0.103,-0.579,-0.052,-0.009,-0.514,-0.063,-0.009
3.160000000000002,0.283,-0.109,1.173,0.282,-0.109,1.173,-0.095,-0.067,1.011,0.242,-0.052,0.105,-0.525,-0.052,-0.002,-0.502,-0.061,-0.01
3.200000000000002,0.255,-0.112,1.168,0.255,-0.112,1.168,-0.122,-0.069,1.008,-0.44,-0.057,-0.092,-0.518,-0.052,-0.009,-0.497,-0.059,-0.012
3.240000000000002,0.255,-0.119,1.173,0.255,-0.119,1.173,-0.162,-0.073,1.004,1.632,-0.216,0.527,-0.5,-0.054,-0.007,-0.503,-0.059,-0.015
3.280000000000002,0.238,-0.117,1.173,0.238,-0.117,1.173,-0.192,-0.076,1.001,-0.305,0.033,-0.002,-0.486,-0.049,-0.006,-0.505,-0.058,-0.018
3.320000000000002,0.216,-0.12,1.172,0.216,-0.12,1.172,-0.211,-0.078,0.999,-1.097,-0.084,-0.246,-0.483,-0.048,-0.006,-0.5,-0.058,-0.018
3.360000000000002,0.221,-0.124,1.18,0.221,-0.124,1.18,-0.234,-0.08,0.996,-2.603,0.113,-0.579,-0.463,-0.05,-0.001,-0.496,-0.057,-0.019
3.400000000000002,0.276,-0.132,1.195,0.276,-0.132,1.195,-0.258,-0.082,0.993,1.06,-0.153,0.291,-0.361,-0.056,0.018,-0.493,-0.056,-0.022
3.440000000000002,0.271,-0.134,1.198,0.271,-0.134,1.198,-0.272,-0.084,0.992,-0.181,-0.078,0.114,-0.357,-0.057,0.02,-0.493,-0.056,-0.022
3.480000000000002,0.271,-0.134,1.198,0.271,-0.134,1.198,-0.272,-0.084,0.992,-0.181,-0.078,0.114,-0.357,-0.057,0.02,-0.493,-0.056,-0.022
3.5200000000000022,0.155,-0.138,1.181,0.155,-0.138,1.181,-0.305,-0.087,0.987,-0.321,0.06,-0.082,-0.504,-0.052,-0.019,-0.447,-0.05,-0.026
3.5600000000000023,0.11,-0.133,1.166,0.11,-0.133,1.166,-0.312,-0.088,0.986,-1.478,0.151,-0.484,-0.521,-0.049,-0.028,-0.443,-0.05,-0.026
3.6000000000000023,0.08,-0.139,1.16,0.079,-0.139,1.16,-0.326,-0.09,0.983,1.0,-0.078,0.292,-0.528,-0.05,-0.032,-0.435,-0.049,-0.027
3.6400000000000023,0.08,-0.139,1.16,0.079,-0.139,1.16,-0.326,-0.09,0.983,1.0,-0.078,0.292,-0.528,-0.05,-0.032,-0.435,-0.049,-0.027
3.6800000000000024,0.08,-0.139,1.16,0.079,-0.139,1.16,-0.326,-0.09,0.983,1.0,-0.078,0.292,-0.528,-0.05,-0.032,-0.435,-0.049,-0.027
3.7200000000000024,0.08,-0.139,1.16,0.079,-0.139,1.16,-0.326,-0.09,0.983,1.0,-0.078,0.292,-0.528,-0.05,-0.032,-0.435,-0.049,-0.027
3.7600000000000025,0.109,-0.146,1.168,0.108,-0.146,1.168,-0.349,-0.092,0.975,0.161,-0.043,0.047,-0.237,-0.047,0.001,-0.34,-0.038,-0.032
3.8000000000000025,0.095,-0.148,1.166,0.095,-0.148,1.166,-0.353,-0.093,0.973,-0.27,-0.03,-0.054,-0.238,-0.047,-0.0,-0.332,-0.037,-0.033
3.8400000000000025,0.062,-0.146,1.157,0.062,-0.146,1.157,-0.357,-0.093,0.97,-0.538,0.034,-0.141,-0.251,-0.043,-0.006,-0.32,-0.036,-0.034
3.8800000000000026,0.062,-0.146,1.157,0.062,-0.146,1.157,-0.357,-0.093,0.97,-0.538,0.034,-0.141,-0.251,-0.043,-0.006,-0.32,-0.036,-0.034
3.9200000000000026,0.062,-0.146,1.157,0.062,-0.146,1.157,-0.357,-0.093,0.97,-0.538,0.034,-0.141,-0.251,-0.043,-0.006,-0.32,-0.036,-0.034
3.9600000000000026,0.062,-0.146,1.157,0.062,-0.146,1.157,-0.357,-0.093,0.97,-0.538,0.034,-0.141,-0.251,-0.043,-0.006,-0.32,-0.036,-0.034
4.000000000000003,0.062,-0.146,1.157,0.062,-0.146,1.157,-0.357,-0.093,0.97,-0.538,0.034,-0.141,-0.251,-0.043,-0.006,-0.32,-0.036,-0.034
4.040000000000003,0.062,-0.146,1.157,0.062,-0.146,1.157,-0.357,-0.093,0.97,-0.538,0.034,-0.141,-0.251,-0.043,-0.006,-0.32,-0.036,-0.034
4.080000000000003,0.062,-0.146,1.157,0.062,-0.146,1.157,-0.357,-0.093,0.97,-0.538,0.034,-0.141,-0.251,-0.043,-0.006,-0.32,-0.036,-0.034
4.120000000000003,0.062,-0.146,1.157,0.062,-0.146,1.157,-0.357,-0.093,0.97,-0.538,0.034,-0.141,-0.251,-0.043,-0.006,-0.32,-0.036,-0.034
4.160000000000003,0.062,-0.146,1.157,0.062,-0.146,1.157,-0.357,-0.093,0.97,-0.538,0.034,-0.141,-0.251,-0.043,-0.006,-0.32,-0.036,-0.034
4.200000000000003,0.062,-0.146,1.157,0.062,-0.146,1.157,-0.357,-0.093,0.97,-0.538,0.034,-0.141,-0.251,-0.043,-0.006,-0.32,-0.036,-0.034
4.240000000000003,0.062,-0.146,1.157,0.062,-0.146,1.157,-0.357,-0.093,0.97,-0.538,0.034,-0.141,-0.251,-0.043,-0.006,-0.32,-0.036,-0.034
4.280000000000003,0.062,-0.146,1.157,0.062,-0.146,1.157,-0.357,-0.093,0.97,-0.538,0.034,-0.141,-0.251,-0.043,-0.006,-0.32,-0.036,-0.034
4.320000000000003,0.062,-0.146,1.157,0.062,-0.146,1.157,-0.357,-0.093,0.97,-0.538,0.034,-0.141,-0.251,-0.043,-0.006,-0.32,-0.036,-0.034
4.360000000000003,0.048,-0.14,1.145,0.048,-0.14,1.145,-0.272,-0.086,0.984,-1.006,0.099,-0.228,-0.02,-0.002,-0.008,-0.068,-0.01,-0.002
4.400000000000003,0.048,-0.14,1.145,0.048,-0.14,1.145,-0.272,-0.086,0.984,-1.006,0.099,-0.228,-0.02,-0.002,-0.008,-0.068,-0.01,-0.002
4.440000000000003,0.08,-0.142,1.157,0.08,-0.142,1.157,-0.264,-0.086,0.981,0.302,-0.009,0.092,-0.011,-0.002,-0.005,-0.063,-0.009,-0.003
4.480000000000003,0.097,-0.14,1.159,0.097,-0.14,1.159,-0.259,-0.086,0.979,0.286,0.024,0.034,-0.004,-0.001,-0.004,-0.059,-0.009,-0.004
4.520000000000003,0.097,-0.14,1.159,0.097,-0.14,1.159,-0.259,-0.086,0.979,0.286,0.024,0.034,-0.004,-0.001,-0.004,-0.059,-0.009,-0.004
4.560000000000003,0.08,-0.138,1.146,0.08,-0.138,1.146,-0.25,-0.086,0.973,-0.155,0.024,-0.121,-0.019,0.001,-0.016,-0.045,-0.008,-0.009
4.600000000000003,0.096,-0.141,1.148,0.096,-0.141,1.148,-0.247,-0.086,0.971,0.474,-0.082,0.069,-0.013,0.0,-0.015,-0.043,-0.008,-0.009
4.640000000000003,0.149,-0.148,1.16,0.148,-0.148,1.16,-0.24,-0.086,0.967,0.798,-0.049,0.196,0.018,-0.004,-0.007,-0.037,-0.008,-0.011
4.680000000000003,0.134,-0.141,1.15,0.134,-0.141,1.15,-0.232,-0.086,0.964,0.044,0.028,-0.072,0.019,-0.002,-0.01,-0.029,-0.007,-0.013
4.720000000000003,0.134,-0.141,1.15,0.134,-0.141,1.15,-0.232,-0.086,0.964,0.044,0.028,-0.072,0.019,-0.002,-0.01,-0.029,-0.007,-0.013
4.760000000000003,0.177,-0.14,1.161,0.177,-0.14,1.161,-0.228,-0.086,0.962,0.789,0.014,0.201,0.054,-0.002,-0.0,-0.025,-0.007,-0.014
4.800000000000003,0.128,-0.141,1.136,0.129,-0.141,1.136,-0.223,-0.086,0.961,-1.034,-0.014,-0.525,0.015,-0.002,-0.019,-0.019,-0.007,-0.015
4.840000000000003,0.147,-0.13,1.14,0.147,-0.13,1.14,-0.219,-0.086,0.96,0.349,0.198,0.078,0.031,0.007,-0.015,-0.015,-0.006,-0.015
4.8800000000000034,0.147,-0.13,1.14,0.147,-0.13,1.14,-0.219,-0.086,0.96,0.349,0.198,0.078,0.031,0.007,-0.015,-0.015,-0.006,-0.015
4.9200000000000035,0.255,-0.139,1.167,0.255,-0.139,1.167,-0.211,-0.086,0.96,0.918,-0.074,0.228,0.207,-0.009,0.034,-0.0,-0.006,-0.011
4.9600000000000035,0.136,-0.136,1.129,0.136,-0.136,1.129,-0.207,-0.087,0.962,-2.136,0.051,-0.679,0.111,-0.006,0.005,0.002,-0.006,-0.01
5.0000000000000036,0.135,-0.138,1.129,0.135,-0.138,1.129,-0.206,-0.087,0.963,-0.013,-0.035,-0.001,0.107,-0.007,0.004,0.004,-0.006,-0.009
5.040000000000004,0.19,-0.135,1.142,0.189,-0.135,1.142,-0.204,-0.087,0.964,1.558,0.091,0.365,0.134,-0.005,0.011,0.004,-0.006,-0.008
5.080000000000004,0.194,-0.134,1.142,0.194,-0.134,1.142,-0.202,-0.087,0.965,0.079,0.008,0.003,0.131,-0.005,0.011,0.006,-0.005,-0.007
5.120000000000004,0.187,-0.138,1.141,0.187,-0.138,1.141,-0.199,-0.087,0.966,0.029,0.002,0.028,0.124,-0.006,0.01,0.007,-0.005,-0.006
5.160000000000004,0.13,-0.141,1.125,0.13,-0.141,1.125,-0.199,-0.087,0.966,-3.309,-0.175,-0.913,0.104,-0.007,0.005,0.007,-0.005,-0.006
5.200000000000004,0.168,-0.143,1.133,0.168,-0.143,1.133,-0.196,-0.086,0.966,0.523,-0.077,0.16,0.129,-0.007,0.01,0.009,-0.005,-0.006
5.240000000000004,0.131,-0.14,1.126,0.131,-0.14,1.126,-0.195,-0.086,0.966,-0.817,0.063,-0.148,0.088,-0.004,0.003,0.01,-0.004,-0.005
5.280000000000004,0.139,-0.138,1.128,0.139,-0.138,1.128,-0.193,-0.086,0.966,0.237,0.062,0.048,0.091,-0.002,0.004,0.011,-0.004,-0.005
5.320000000000004,0.138,-0.137,1.127,0.138,-0.137,1.127,-0.19,-0.086,0.965,-0.012,0.008,-0.01,0.087,-0.002,0.004,0.013,-0.003,-0.005
5.360000000000004,0.151,-0.137,1.13,0.151,-0.137,1.13,-0.186,-0.085,0.965,1.736,0.226,0.312,0.091,-0.002,0.006,0.016,-0.003,-0.005
5.400000000000004,0.208,-0.135,1.149,0.208,-0.135,1.149,-0.176,-0.084,0.965,1.996,0.079,0.737,0.129,-0.0,0.018,0.027,-0.001,-0.005
5.440000000000004,0.219,-0.135,1.152,0.219,-0.135,1.152,-0.174,-0.084,0.965,0.421,-0.021,0.14,0.133,-0.0,0.02,0.028,-0.001,-0.005
5.480000000000004,0.234,-0.136,1.157,0.233,-0.136,1.157,-0.165,-0.083,0.965,0.321,-0.016,0.105,0.142,-0.001,0.024,0.036,0.001,-0.005
5.520000000000004,0.232,-0.138,1.158,0.232,-0.138,1.158,-0.149,-0.08,0.967,0.023,-0.047,0.044,0.13,-0.003,0.024,0.049,0.003,-0.003
5.560000000000004,0.213,-0.141,1.152,0.213,-0.141,1.152,-0.129,-0.078,0.969,0.334,-0.018,-0.02,0.116,-0.004,0.019,0.061,0.004,-0.001
5.600000000000004,0.218,-0.147,1.152,0.218,-0.147,1.152,-0.122,-0.076,0.97,0.222,-0.27,-0.025,0.117,-0.008,0.019,0.065,0.005,-0.001
5.640000000000004,0.296,-0.148,1.17,0.296,-0.148,1.17,-0.099,-0.073,0.972,0.003,-0.112,-0.081,0.208,-0.007,0.043,0.086,0.008,0.003
5.680000000000004,0.269,-0.148,1.153,0.269,-0.148,1.154,-0.058,-0.067,0.979,-0.545,0.069,-0.347,0.168,-0.007,0.024,0.12,0.013,0.008
5.720000000000004,0.285,-0.139,1.15,0.285,-0.139,1.15,-0.032,-0.064,0.983,0.351,0.184,-0.085,0.178,0.004,0.018,0.145,0.017,0.014
5.760000000000004,0.347,-0.137,1.172,0.347,-0.137,1.172,-0.003,-0.059,0.989,1.226,0.056,0.43,0.246,0.007,0.045,0.171,0.021,0.02
5.800000000000004,0.484,-0.132,1.207,0.483,-0.132,1.207,0.026,-0.055,0.995,2.761,0.098,0.723,0.393,0.013,0.084,0.196,0.025,0.026
5.840000000000004,0.519,-0.125,1.215,0.519,-0.125,1.215,0.055,-0.051,1.001,0.743,0.136,0.16,0.411,0.019,0.088,0.217,0.028,0.031
5.880000000000004,0.519,-0.125,1.215,0.519,-0.125,1.215,0.055,-0.051,1.001,0.743,0.136,0.16,0.411,0.019,0.088,0.217,0.028,0.031
5.920000000000004,0.26,-0.1,1.139,0.26,-0.1,1.139,0.113,-0.043,1.013,-3.316,0.25,-0.953,0.045,0.048,-0.015,0.252,0.034,0.04
5.960000000000004,0.296,-0.094,1.137,0.296,-0.094,1.137,0.136,-0.04,1.017,9.569,1.729,1.107,0.039,0.045,-0.021,0.26,0.035,0.041
6.000000000000004,0.408,-0.101,1.164,0.407,-0.101,1.164,0.152,-0.037,1.019,2.385,-0.154,0.583,0.154,0.035,0.009,0.264,0.036,0.042
6.0400000000000045,0.423,-0.105,1.165,0.423,-0.105,1.165,0.175,-0.033,1.022,0.226,-0.051,0.014,0.162,0.027,0.01,0.27,0.037,0.042
6.0800000000000045,0.375,-0.099,1.153,0.375,-0.099,1.153,0.195,-0.03,1.024,-1.074,0.117,-0.267,0.112,0.03,-0.002,0.278,0.039,0.042
6.1200000000000045,0.392,-0.095,1.157,0.392,-0.095,1.157,0.199,-0.029,1.024,0.667,0.187,0.159,0.119,0.032,0.001,0.276,0.039,0.041
6.160000000000005,0.332,-0.087,1.141,0.332,-0.087,1.141,0.211,-0.028,1.025,-2.304,0.301,-0.641,0.083,0.036,-0.009,0.279,0.039,0.041
6.200000000000005,0.356,-0.084,1.145,0.356,-0.084,1.145,0.233,-0.025,1.026,0.345,0.044,0.07,0.11,0.037,-0.001,0.282,0.04,0.039
6.240000000000005,0.444,-0.077,1.164,0.444,-0.077,1.164,0.242,-0.023,1.026,3.069,0.064,0.723,0.15,0.04,0.008,0.28,0.04,0.038
6.280000000000005,0.507,-0.077,1.178,0.507,-0.077,1.178,0.257,-0.021,1.026,1.173,0.002,0.259,0.215,0.037,0.024,0.281,0.04,0.035
6.320000000000005,0.516,-0.069,1.177,0.516,-0.069,1.177,0.273,-0.018,1.025,0.191,0.169,-0.021,0.214,0.044,0.022,0.283,0.04,0.032
6.360000000000005,0.516,-0.069,1.177,0.516,-0.069,1.177,0.273,-0.018,1.025,0.191,0.169,-0.021,0.214,0.044,0.022,0.283,0.04,0.032
6.400000000000005,0.484,-0.07,1.166,0.484,-0.07,1.166,0.317,-0.012,1.022,-0.478,-0.039,-0.142,0.15,0.036,0.006,0.297,0.043,0.024
6.440000000000005,0.484,-0.07,1.166,0.484,-0.07,1.166,0.317,-0.012,1.022,-0.478,-0.039,-0.142,0.15,0.036,0.006,0.297,0.043,0.024
6.480000000000005,0.536,-0.08,1.174,0.536,-0.08,1.174,0.355,-0.007,1.019,0.272,-0.057,-0.015,0.186,0.026,0.014,0.309,0.044,0.02
6.520000000000005,0.551,-0.08,1.175,0.551,-0.08,1.175,0.374,-0.004,1.018,0.315,0.006,0.012,0.193,0.025,0.014,0.312,0.045,0.019
6.560000000000005,0.519,-0.062,1.155,0.519,-0.062,1.155,0.404,0.0,1.016,0.054,0.095,-0.157,0.17,0.034,0.003,0.317,0.045,0.017
6.600000000000005,0.519,-0.062,1.155,0.519,-0.062,1.155,0.404,0.0,1.016,0.054,0.095,-0.157,0.17,0.034,0.003,0.317,0.045,0.017
6.640000000000005,0.557,-0.062,1.158,0.557,-0.062,1.158,0.46,0.008,1.013,0.445,-0.01,0.039,0.214,0.026,0.009,0.366,0.052,0.008
6.680000000000005,0.576,-0.059,1.161,0.576,-0.059,1.161,0.473,0.01,1.012,0.731,0.112,0.102,0.222,0.028,0.01,0.367,0.052,0.008
6.720000000000005,0.61,-0.058,1.157,0.61,-0.058,1.157,0.514,0.016,1.009,0.086,0.039,-0.195,0.24,0.028,0.009,0.38,0.054,0.005
6.760000000000005,0.58,-0.055,1.142,0.58,-0.055,1.142,0.526,0.018,1.008,-1.365,0.116,-0.706,0.221,0.029,0.001,0.382,0.054,0.005
6.800000000000005,0.58,-0.055,1.142,0.58,-0.055,1.142,0.526,0.018,1.008,-1.365,0.116,-0.706,0.221,0.029,0.001,0.382,0.054,0.005
6.840000000000005,0.71,-0.048,1.151,0.71,-0.048,1.151,0.579,0.025,1.004,-1.313,0.175,-0.53,0.472,0.03,0.037,0.395,0.056,-0.002
6.880000000000005,0.636,-0.051,1.127,0.636,-0.051,1.127,0.602,0.028,1.001,-1.492,0.057,-0.407,0.411,0.028,0.021,0.394,0.056,-0.004
6.920000000000005,0.659,-0.052,1.131,0.659,-0.052,1.131,0.623,0.032,0.999,0.493,-0.034,0.092,0.415,0.025,0.024,0.396,0.057,-0.006
6.960000000000005,0.68,-0.047,1.113,0.68,-0.047,1.113,0.644,0.035,0.996,-0.595,0.206,-0.64,0.414,0.027,0.013,0.398,0.057,-0.008
7.000000000000005,0.68,-0.047,1.113,0.68,-0.047,1.113,0.644,0.035,0.996,-0.595,0.206,-0.64,0.414,0.027,0.013,0.398,0.057,-0.008
7.040000000000005,0.741,-0.041,1.109,0.74,-0.041,1.109,0.669,0.04,0.992,2.107,0.11,0.201,0.402,0.029,0.007,0.388,0.057,-0.012
7.080000000000005,0.759,-0.038,1.107,0.759,-0.038,1.107,0.684,0.042,0.99,0.249,0.044,-0.032,0.384,0.03,0.003,0.368,0.054,-0.014
7.120000000000005,0.759,-0.038,1.107,0.759,-0.038,1.107,0.684,0.042,0.99,0.249,0.044,-0.032,0.384,0.03,0.003,0.368,0.054,-0.014
7.1600000000000055,0.832,-0.028,1.109,0.832,-0.028,1.109,0.697,0.044,0.989,-1.326,0.224,-0.391,0.46,0.036,0.011,0.356,0.053,-0.014
7.2000000000000055,0.844,-0.025,1.11,0.844,-0.025,1.11,0.704,0.046,0.988,0.264,0.072,0.003,0.45,0.038,0.011,0.346,0.052,-0.014
7.2400000000000055,0.867,-0.024,1.112,0.867,-0.024,1.112,0.712,0.047,0.987,0.464,0.022,0.046,0.451,0.037,0.013,0.336,0.051,-0.014
7.280000000000006,0.886,-0.023,1.115,0.886,-0.023,1.115,0.72,0.049,0.987,0.377,0.022,0.059,0.447,0.036,0.015,0.328,0.05,-0.014
7.320000000000006,0.883,-0.024,1.113,0.883,-0.024,1.113,0.722,0.049,0.987,-0.122,-0.059,-0.082,0.441,0.035,0.014,0.325,0.049,-0.014
7.360000000000006,0.878,-0.021,1.109,0.878,-0.021,1.109,0.736,0.051,0.986,-2.055,0.129,-0.506,0.428,0.035,0.014,0.314,0.048,-0.014
7.400000000000006,0.895,-0.018,1.111,0.895,-0.018,1.111,0.74,0.052,0.986,0.666,0.109,0.077,0.432,0.036,0.015,0.312,0.047,-0.014
7.440000000000006,0.917,-0.017,1.114,0.917,-0.017,1.114,0.75,0.053,0.985,0.449,0.02,0.065,0.433,0.035,0.018,0.306,0.047,-0.014
7.480000000000006,0.961,-0.011,1.116,0.961,-0.011,1.116,0.765,0.056,0.985,0.381,0.07,-0.025,0.446,0.038,0.019,0.294,0.045,-0.013
7.520000000000006,0.961,-0.009,1.114,0.961,-0.009,1.114,0.779,0.058,0.985,0.002,0.049,-0.034,0.423,0.039,0.017,0.294,0.045,-0.012
7.560000000000006,0.951,-0.007,1.111,0.951,-0.007,1.111,0.785,0.059,0.985,-0.311,0.069,-0.111,0.407,0.039,0.014,0.292,0.044,-0.011
7.600000000000006,0.946,-0.006,1.108,0.946,-0.006,1.108,0.796,0.06,0.986,-0.108,0.013,-0.047,0.374,0.038,0.01,0.287,0.044,-0.01
7.640000000000006,0.919,-0.006,1.098,0.92,-0.006,1.098,0.808,0.062,0.988,-3.123,0.04,-0.486,0.358,0.034,0.005,0.276,0.042,-0.008
7.680000000000006,0.974,-0.007,1.104,0.974,-0.007,1.104,0.817,0.063,0.989,1.082,-0.021,0.118,0.399,0.031,0.011,0.27,0.041,-0.005
7.720000000000006,0.957,-0.006,1.102,0.958,-0.006,1.102,0.828,0.066,0.992,-0.349,0.023,-0.057,0.364,0.031,0.008,0.269,0.041,-0.003
7.760000000000006,0.973,-0.004,1.103,0.973,-0.004,1.103,0.834,0.066,0.994,0.295,0.038,0.029,0.36,0.031,0.009,0.26,0.04,-0.0
7.800000000000006,0.973,-0.004,1.103,0.973,-0.004,1.103,0.834,0.066,0.994,0.295,0.038,0.029,0.36,0.031,0.009,0.26,0.04,-0.0
7.840000000000006,0.928,-0.001,1.095,0.928,-0.001,1.095,0.845,0.069,0.996,-0.02,0.043,0.017,0.244,0.031,-0.005,0.242,0.038,0.003
7.880000000000006,0.929,-0.0,1.095,0.929,-0.0,1.095,0.849,0.069,0.998,0.012,0.01,0.011,0.232,0.03,-0.004,0.233,0.036,0.004
7.920000000000006,1.03,-0.002,1.115,1.03,-0.002,1.115,0.853,0.07,0.999,2.107,-0.024,0.396,0.318,0.027,0.014,0.226,0.036,0.006
7.960000000000006,1.032,-0.001,1.115,1.032,-0.001,1.115,0.857,0.071,1.001,0.03,0.015,0.013,0.301,0.027,0.014,0.216,0.035,0.007
8.000000000000005,1.031,0.0,1.115,1.031,0.0,1.115,0.858,0.072,1.002,-0.051,0.039,0.004,0.298,0.027,0.014,0.215,0.034,0.007
8.040000000000004,1.051,0.001,1.121,1.051,0.001,1.121,0.861,0.072,1.004,0.589,0.044,0.172,0.294,0.026,0.017,0.205,0.033,0.008
8.080000000000004,1.074,0.001,1.127,1.074,0.001,1.127,0.863,0.073,1.005,0.453,-0.005,0.125,0.303,0.024,0.023,0.195,0.032,0.009
8.120000000000003,1.076,0.002,1.128,1.076,0.002,1.128,0.864,0.073,1.006,0.036,0.017,0.011,0.286,0.024,0.022,0.185,0.03,0.01
8.160000000000002,1.055,0.005,1.124,1.055,0.005,1.124,0.865,0.074,1.007,-0.02,0.033,0.014,0.266,0.024,0.019,0.18,0.03,0.01
8.200000000000001,1.03,0.006,1.122,1.03,0.006,1.122,0.866,0.075,1.009,-0.41,0.021,-0.027,0.209,0.024,0.015,0.167,0.028,0.012
8.24,1.005,0.008,1.12,1.005,0.008,1.12,0.867,0.075,1.011,0.102,-0.007,0.039,0.19,0.024,0.014,0.162,0.028,0.013
8.28,1.033,0.008,1.126,1.033,0.008,1.126,0.867,0.075,1.012,1.037,0.01,0.228,0.205,0.024,0.018,0.159,0.027,0.013
8.319999999999999,1.028,0.008,1.127,1.028,0.008,1.127,0.867,0.076,1.014,0.115,-0.002,0.067,0.182,0.023,0.016,0.148,0.026,0.015
8.359999999999998,1.03,0.01,1.128,1.03,0.01,1.128,0.867,0.076,1.015,0.075,0.049,0.061,0.18,0.023,0.017,0.145,0.026,0.015
8.399999999999997,1.051,0.014,1.134,1.051,0.014,1.134,0.867,0.077,1.017,0.308,0.062,0.084,0.194,0.027,0.025,0.13,0.024,0.017
8.439999999999996,1.077,0.015,1.14,1.077,0.015,1.14,0.867,0.077,1.018,1.066,0.068,0.232,0.207,0.028,0.028,0.128,0.023,0.017
8.479999999999995,1.08,0.016,1.143,1.08,0.016,1.143,0.866,0.078,1.019,-0.638,-0.077,-0.073,0.204,0.027,0.031,0.116,0.023,0.017
8.519999999999994,1.051,0.015,1.14,1.052,0.015,1.14,0.866,0.078,1.02,-1.077,-0.022,-0.137,0.182,0.026,0.028,0.114,0.022,0.017
8.559999999999993,1.068,0.017,1.144,1.068,0.017,1.144,0.865,0.079,1.021,0.926,0.026,0.213,0.173,0.027,0.028,0.104,0.021,0.017
8.599999999999993,1.063,0.019,1.144,1.063,0.019,1.144,0.864,0.079,1.021,-0.107,0.037,-0.007,0.158,0.027,0.026,0.098,0.02,0.016
8.639999999999992,1.088,0.019,1.15,1.088,0.019,1.15,0.863,0.078,1.021,0.193,-0.059,0.043,0.172,0.026,0.03,0.094,0.018,0.016
8.67999999999999,1.062,0.018,1.145,1.063,0.018,1.145,0.862,0.075,1.022,-0.843,-0.023,-0.151,0.147,0.025,0.025,0.09,0.015,0.016
8.71999999999999,1.065,0.023,1.147,1.065,0.023,1.147,0.861,0.065,1.023,0.694,0.115,0.156,0.129,0.028,0.023,0.082,0.005,0.016
8.75999999999999,1.076,0.021,1.149,1.076,0.021,1.149,0.86,0.058,1.024,0.194,-0.049,0.047,0.134,0.022,0.025,0.075,-0.005,0.016
8.799999999999988,1.101,0.02,1.154,1.101,0.02,1.154,0.86,0.047,1.024,0.642,-0.005,0.128,0.152,0.021,0.029,0.072,-0.016,0.015
8.839999999999987,1.109,0.019,1.156,1.109,0.019,1.156,0.859,0.04,1.024,0.183,-0.036,0.048,0.154,0.018,0.03,0.068,-0.023,0.014
8.879999999999987,1.103,0.012,1.156,1.103,0.012,1.156,0.859,0.025,1.023,-0.117,-0.138,0.001,0.14,0.011,0.028,0.063,-0.038,0.013
8.919999999999986,1.118,-0.004,1.162,1.118,-0.004,1.162,0.858,-0.004,1.022,1.376,-0.346,0.253,0.125,-0.005,0.029,0.058,-0.066,0.011
8.959999999999985,1.128,-0.015,1.165,1.128,-0.015,1.165,0.857,-0.02,1.021,0.418,-0.456,0.116,0.129,-0.012,0.03,0.056,-0.076,0.01
8.999999999999984,1.094,-0.025,1.158,1.094,-0.025,1.158,0.857,-0.034,1.021,-0.713,-0.208,-0.146,0.081,-0.023,0.02,0.053,-0.087,0.009
9.039999999999983,1.107,-0.061,1.161,1.108,-0.061,1.161,0.856,-0.091,1.019,-1.213,-0.491,-0.288,0.085,-0.049,0.02,0.047,-0.129,0.006
9.079999999999982,1.074,-0.071,1.155,1.074,-0.071,1.155,0.855,-0.116,1.017,-0.716,-0.203,-0.124,0.042,-0.057,0.012,0.044,-0.15,0.004
9.119999999999981,1.004,-0.094,1.14,1.004,-0.094,1.14,0.854,-0.148,1.015,-1.734,-0.28,-0.35,-0.005,-0.071,0.002,0.042,-0.166,0.003
9.15999999999998,0.95,-0.132,1.134,0.95,-0.132,1.134,0.853,-0.197,1.012,-6.588,-3.97,-0.533,-0.039,-0.093,-0.004,0.037,-0.213,-0.001
9.19999999999998,0.926,-0.152,1.13,0.926,-0.151,1.13,0.852,-0.227,1.01,-0.604,-0.488,-0.095,-0.063,-0.11,-0.008,0.035,-0.236,-0.003
9.239999999999979,0.953,-0.176,1.131,0.953,-0.176,1.131,0.852,-0.259,1.008,0.62,-0.551,0.02,-0.029,-0.132,-0.006,0.032,-0.26,-0.005
9.279999999999978,1.012,-0.232,1.141,1.012,-0.232,1.141,0.851,-0.301,1.006,1.205,-1.16,0.2,0.043,-0.192,0.006,0.029,-0.294,-0.007
9.319999999999977,1.012,-0.232,1.141,1.012,-0.232,1.141,0.851,-0.301,1.006,1.205,-1.16,0.2,0.043,-0.192,0.006,0.029,-0.294,-0.007
9.359999999999976,0.949,-0.311,1.128,0.949,-0.31,1.128,0.848,-0.371,1.002,-0.641,-0.795,-0.128,-0.091,-0.311,-0.02,0.02,-0.366,-0.013
9.399999999999975,0.99,-0.345,1.138,0.99,-0.345,1.138,0.846,-0.431,1.0,0.816,-0.677,0.205,-0.05,-0.328,-0.01,0.017,-0.404,-0.014
9.439999999999975,1.045,-0.42,1.143,1.045,-0.419,1.143,0.844,-0.48,0.997,1.709,-1.341,0.237,-0.01,-0.361,-0.006,0.015,-0.422,-0.016
9.479999999999974,1.095,-0.459,1.151,1.095,-0.459,1.151,0.842,-0.503,0.996,1.05,-0.834,0.166,0.04,-0.383,0.002,0.013,-0.424,-0.016
9.519999999999973,1.005,-0.512,1.13,1.005,-0.512,1.13,0.84,-0.546,0.992,-1.559,-0.967,-0.39,-0.02,-0.402,-0.011,0.011,-0.435,-0.018
9.559999999999972,1.131,-0.601,1.156,1.131,-0.601,1.157,0.836,-0.599,0.987,-0.701,-0.887,-0.095,0.053,-0.445,0.005,0.007,-0.456,-0.021
9.599999999999971,1.154,-0.639,1.164,1.153,-0.639,1.164,0.834,-0.618,0.985,0.468,-0.778,0.159,0.076,-0.464,0.013,0.005,-0.452,-0.022
9.63999999999997,1.073,-0.683,1.146,1.073,-0.683,1.146,0.832,-0.648,0.984,0.725,-1.022,0.148,0.015,-0.476,-0.0,0.003,-0.454,-0.022
9.67999999999997,1.032,-0.725,1.136,1.032,-0.725,1.136,0.829,-0.691,0.982,-0.097,-0.856,-0.067,-0.02,-0.486,-0.009,0.001,-0.468,-0.022
9.719999999999969,1.013,-0.746,1.131,1.013,-0.746,1.131,0.828,-0.696,0.982,-0.613,-0.669,-0.152,-0.035,-0.491,-0.012,0.0,-0.46,-0.021
9.759999999999968,0.971,-0.807,1.122,0.971,-0.806,1.122,0.824,-0.754,0.98,-1.279,-1.214,-0.245,-0.065,-0.494,-0.019,-0.006,-0.481,-0.022
9.799999999999967,1.03,-0.842,1.136,1.03,-0.842,1.136,0.822,-0.771,0.977,1.501,-0.905,0.342,-0.005,-0.51,-0.005,-0.007,-0.48,-0.024
9.839999999999966,0.923,-0.848,1.114,0.923,-0.848,1.114,0.819,-0.801,0.962,-1.981,0.081,-0.376,-0.098,-0.484,-0.023,-0.009,-0.477,-0.036
9.879999999999965,0.898,-0.873,1.109,0.898,-0.873,1.109,0.818,-0.816,0.945,-0.41,-0.342,-0.079,-0.113,-0.479,-0.026,-0.01,-0.464,-0.049
9.919999999999964,0.983,-0.94,1.124,0.983,-0.94,1.124,0.816,-0.851,0.889,3.689,-1.763,0.682,-0.022,-0.509,-0.01,-0.011,-0.464,-0.1
9.959999999999964,0.925,-0.937,1.108,0.925,-0.937,1.108,0.816,-0.854,0.883,-1.308,0.067,-0.356,-0.087,-0.48,-0.027,-0.011,-0.445,-0.102
9.999999999999963,0.925,-0.937,1.108,0.925,-0.937,1.108,0.816,-0.854,0.883,-1.308,0.067,-0.356,-0.087,-0.48,-0.027,-0.011,-0.445,-0.102
10.039999999999962,1.012,-1.015,1.088,1.012,-1.015,1.088,0.814,-0.896,0.789,-0.108,-0.364,-0.483,0.066,-0.524,-0.042,-0.012,-0.439,-0.209
10.079999999999961,0.99,-1.038,1.038,0.99,-1.038,1.038,0.814,-0.906,0.762,1.172,-0.875,-0.599,0.084,-0.532,-0.059,-0.012,-0.436,-0.225
10.11999999999996,0.99,-1.038,1.038,0.99,-1.038,1.038,0.814,-0.906,0.762,1.172,-0.875,-0.599,0.084,-0.532,-0.059,-0.012,-0.436,-0.225
10.15999999999996,0.961,-1.053,0.99,0.961,-1.054,0.99,0.813,-0.919,0.727,-0.37,-0.198,-0.61,0.02,-0.485,-0.137,-0.011,-0.4,-0.253
10.199999999999958,0.928,-1.068,0.935,0.928,-1.068,0.935,0.812,-0.941,0.655,-0.381,-0.281,-0.87,-0.007,-0.467,-0.171,-0.012,-0.394,-0.294
10.239999999999958,0.936,-1.094,0.887,0.936,-1.094,0.887,0.811,-0.954,0.607,-2.233,0.361,-1.085,-0.005,-0.461,-0.2,-0.012,-0.383,-0.316
10.279999999999957,0.903,-1.102,0.831,0.903,-1.102,0.832,0.809,-0.962,0.581,-6.709,1.247,-3.451,0.009,-0.46,-0.219,-0.012,-0.373,-0.316
10.319999999999956,0.905,-1.11,0.804,0.905,-1.11,0.804,0.809,-0.966,0.571,0.031,-0.132,-0.455,0.011,-0.43,-0.24,-0.012,-0.346,-0.303
10.359999999999955,0.873,-1.129,0.728,0.873,-1.129,0.728,0.806,-0.977,0.558,0.164,-0.358,-0.601,-0.016,-0.42,-0.289,-0.014,-0.334,-0.295
10.399999999999954,0.873,-1.129,0.728,0.873,-1.129,0.728,0.806,-0.977,0.558,0.164,-0.358,-0.601,-0.016,-0.42,-0.289,-0.014,-0.334,-0.295
10.439999999999953,0.862,-1.141,0.674,0.862,-1.141,0.674,0.803,-0.983,0.556,0.131,-0.394,-0.866,-0.034,-0.37,-0.308,-0.015,-0.298,-0.26
10.479999999999952,0.823,-1.137,0.661,0.823,-1.137,0.661,0.8,-0.986,0.555,0.355,-0.305,-0.112,-0.067,-0.342,-0.3,-0.017,-0.281,-0.244
10.519999999999952,0.849,-1.148,0.66,0.849,-1.148,0.66,0.799,-0.987,0.555,0.812,-0.347,-0.019,-0.047,-0.342,-0.293,-0.017,-0.275,-0.238
10.55999999999995,0.83,-1.147,0.658,0.83,-1.147,0.658,0.796,-0.987,0.566,-0.152,0.009,-0.031,-0.059,-0.324,-0.28,-0.018,-0.261,-0.217
10.59999999999995,0.826,-1.148,0.657,0.826,-1.148,0.657,0.795,-0.987,0.577,-0.105,-0.022,-0.019,-0.061,-0.314,-0.272,-0.019,-0.252,-0.2
10.639999999999949,0.834,-1.153,0.657,0.834,-1.153,0.657,0.792,-0.986,0.62,-0.076,0.018,-0.005,-0.05,-0.297,-0.254,-0.02,-0.234,-0.148
10.679999999999948,0.887,-1.177,0.676,0.887,-1.177,0.676,0.788,-0.982,0.703,0.942,-0.443,0.456,0.001,-0.3,-0.22,-0.023,-0.215,-0.063
10.719999999999947,0.887,-1.177,0.676,0.887,-1.177,0.676,0.788,-0.982,0.703,0.942,-0.443,0.456,0.001,-0.3,-0.22,-0.023,-0.215,-0.063
10.759999999999946,0.832,-1.154,0.709,0.833,-1.154,0.709,0.784,-0.975,0.799,-2.108,0.8,0.422,-0.028,-0.244,-0.148,-0.025,-0.178,0.065
10.799999999999946,0.881,-1.171,0.768,0.881,-1.171,0.768,0.783,-0.974,0.808,1.281,-0.457,1.555,0.015,-0.251,-0.092,-0.025,-0.172,0.071
10.839999999999945,0.979,-1.203,0.811,0.979,-1.203,0.811,0.781,-0.969,0.86,3.212,-1.034,1.403,0.087,-0.268,-0.058,-0.025,-0.165,0.108
10.879999999999944,0.91,-1.169,0.864,0.91,-1.169,0.863,0.781,-0.966,0.896,0.743,-0.16,0.853,0.026,-0.222,-0.006,-0.025,-0.15,0.132
10.919999999999943,0.91,-1.169,0.864,0.91,-1.169,0.863,0.781,-0.966,0.896,0.743,-0.16,0.853,0.026,-0.222,-0.006,-0.025,-0.15,0.132
10.959999999999942,0.91,-1.169,0.864,0.91,-1.169,0.863,0.781,-0.966,0.896,0.743,-0.16,0.853,0.026,-0.222,-0.006,-0.025,-0.15,0.132
10.999999999999941,0.886,-1.145,0.988,0.886,-1.145,0.988,0.778,-0.956,1.02,-1.498,0.827,0.975,0.03,-0.151,0.22,-0.024,-0.101,0.328
11.03999999999994,0.907,-1.15,1.052,0.907,-1.15,1.052,0.776,-0.948,1.12,0.488,-0.193,0.931,0.044,-0.145,0.255,-0.024,-0.089,0.385
11.07999999999994,0.962,-1.165,1.091,0.962,-1.165,1.091,0.775,-0.946,1.148,1.587,-0.442,1.116,0.081,-0.152,0.276,-0.024,-0.085,0.395
11.119999999999939,1.011,-1.171,1.169,1.011,-1.171,1.169,0.775,-0.941,1.212,0.974,-0.12,1.202,0.113,-0.15,0.318,-0.023,-0.077,0.425
11.159999999999938,0.932,-1.136,1.226,0.932,-1.136,1.226,0.774,-0.938,1.248,-2.242,0.855,0.486,0.034,-0.11,0.345,-0.023,-0.069,0.43
11.199999999999937,0.981,-1.147,1.27,0.981,-1.147,1.27,0.773,-0.934,1.281,1.555,-0.344,1.405,0.07,-0.115,0.37,-0.023,-0.065,0.445
11.239999999999936,1.01,-1.145,1.345,1.01,-1.145,1.345,0.772,-0.929,1.32,0.822,0.065,2.117,0.093,-0.11,0.424,-0.023,-0.058,0.465
11.279999999999935,0.937,-1.1,1.386,0.937,-1.1,1.386,0.772,-0.918,1.357,0.835,0.666,5.192,-0.087,-0.005,0.347,-0.019,-0.03,0.444
11.319999999999935,0.849,-1.064,1.431,0.849,-1.065,1.431,0.772,-0.914,1.362,-1.593,0.649,0.809,-0.176,0.034,0.375,-0.018,-0.025,0.423
11.359999999999934,0.94,-1.113,1.506,0.94,-1.113,1.506,0.771,-0.91,1.369,3.085,-1.623,2.532,-0.12,0.005,0.413,-0.018,-0.022,0.42
11.399999999999933,1.084,-1.143,1.585,1.084,-1.143,1.585,0.772,-0.903,1.377,-0.798,0.747,0.399,0.072,-0.044,0.461,-0.016,-0.013,0.391
11.439999999999932,1.041,-1.115,1.58,1.041,-1.115,1.58,0.772,-0.898,1.383,-1.031,0.687,-0.141,0.033,-0.018,0.44,-0.016,-0.008,0.382
11.479999999999931,1.049,-1.104,1.595,1.049,-1.104,1.595,0.772,-0.895,1.386,-1.043,0.422,-0.217,0.026,-0.008,0.429,-0.015,-0.005,0.37
11.51999999999993,1.022,-1.095,1.592,1.022,-1.095,1.592,0.772,-0.89,1.392,-0.764,0.252,-0.075,0.001,0.0,0.413,-0.015,-0.001,0.364
11.55999999999993,1.022,-1.095,1.592,1.022,-1.095,1.592,0.772,-0.89,1.392,-0.764,0.252,-0.075,0.001,0.0,0.413,-0.015,-0.001,0.364
11.599999999999929,0.924,-1.042,1.572,0.924,-1.042,1.572,0.772,-0.881,1.404,-0.766,0.366,-0.172,-0.141,0.078,0.314,-0.012,0.011,0.322
11.639999999999928,0.983,-1.059,1.594,0.983,-1.059,1.594,0.772,-0.877,1.406,1.211,-0.35,0.447,-0.076,0.058,0.32,-0.012,0.014,0.308
11.679999999999927,0.984,-1.057,1.608,0.984,-1.057,1.608,0.772,-0.87,1.397,-0.666,0.292,-0.047,-0.073,0.056,0.311,-0.011,0.018,0.286
11.719999999999926,1.021,-1.064,1.618,1.021,-1.064,1.618,0.772,-0.869,1.395,1.281,-0.24,0.35,-0.047,0.05,0.312,-0.011,0.018,0.279
11.759999999999925,0.941,-1.035,1.595,0.942,-1.035,1.595,0.772,-0.867,1.388,-2.853,1.053,-0.825,-0.101,0.069,0.29,-0.011,0.02,0.269
11.799999999999924,0.97,-1.035,1.607,0.97,-1.035,1.607,0.772,-0.856,1.349,1.04,-0.211,0.343,-0.07,0.066,0.263,-0.009,0.029,0.192
11.839999999999923,1.028,-1.052,1.622,1.028,-1.052,1.622,0.772,-0.855,1.345,1.957,-0.584,0.487,-0.029,0.053,0.267,-0.009,0.03,0.186
11.879999999999923,1.019,-1.047,1.612,1.019,-1.047,1.612,0.772,-0.849,1.321,-0.147,0.09,-0.166,-0.038,0.056,0.233,-0.008,0.035,0.14
11.919999999999922,1.028,-1.042,1.599,1.028,-1.042,1.599,0.772,-0.844,1.296,2.696,-0.769,0.701,-0.029,0.056,0.217,-0.008,0.037,0.118
11.959999999999921,1.066,-1.053,1.586,1.066,-1.053,1.586,0.772,-0.837,1.264,2.191,-0.775,0.346,0.003,0.045,0.199,-0.008,0.04,0.089
11.99999999999992,1.041,-1.044,1.544,1.041,-1.044,1.544,0.771,-0.831,1.234,0.356,-0.154,-0.569,-0.015,0.049,0.158,-0.008,0.043,0.062
12.03999999999992,0.885,-0.981,1.483,0.885,-0.981,1.483,0.771,-0.827,1.212,-2.678,1.084,-1.044,-0.252,0.141,0.051,-0.008,0.045,0.026
12.079999999999918,0.818,-0.955,1.415,0.819,-0.955,1.415,0.77,-0.818,1.162,-3.167,1.199,-1.576,-0.303,0.158,-0.005,-0.008,0.049,-0.012
12.119999999999918,0.978,-1.003,1.447,0.978,-1.003,1.447,0.769,-0.815,1.139,5.554,-1.683,1.1,-0.167,0.116,0.02,-0.008,0.051,-0.031
12.159999999999917,0.9,-0.973,1.404,0.9,-0.973,1.404,0.769,-0.81,1.116,-1.501,0.583,-0.82,-0.265,0.15,-0.041,-0.008,0.053,-0.06
12.199999999999916,1.019,-1.001,1.413,1.018,-1.001,1.413,0.768,-0.806,1.092,4.012,-0.945,0.28,-0.166,0.125,-0.034,-0.009,0.055,-0.078
12.239999999999915,0.978,-0.991,1.358,0.978,-0.991,1.358,0.767,-0.798,1.044,-1.843,0.638,-1.09,-0.175,0.117,-0.083,-0.009,0.058,-0.118
12.279999999999914,0.993,-0.988,1.318,0.994,-0.988,1.319,0.767,-0.794,1.021,-0.898,0.387,-1.065,-0.149,0.112,-0.109,-0.009,0.059,-0.132
12.319999999999913,1.084,-1.017,1.295,1.084,-1.017,1.295,0.765,-0.786,0.974,2.309,-0.637,-0.114,-0.052,0.078,-0.122,-0.01,0.063,-0.167
12.359999999999912,0.937,-0.964,1.217,0.998,-0.989,1.255,0.765,-0.783,0.957,-2.307,0.917,-1.421,-0.161,0.111,-0.167,-0.01,0.063,-0.178
12.399999999999912,0.977,-0.972,1.204,0.977,-0.972,1.204,0.764,-0.775,0.917,1.307,-0.269,-0.42,-0.163,0.116,-0.197,-0.01,0.067,-0.202
12.43999999999991,0.998,-0.977,1.159,0.998,-0.977,1.159,0.764,-0.769,0.901,-0.168,0.146,-0.728,-0.14,0.107,-0.226,-0.01,0.068,-0.206
12.47999999999991,1.034,-0.987,1.147,1.034,-0.987,1.147,0.763,-0.767,0.897,1.397,-0.375,-0.438,-0.109,0.097,-0.231,-0.01,0.068,-0.205
12.519999999999909,1.047,-0.983,1.108,1.047,-0.982,1.108,0.762,-0.762,0.89,2.351,-0.612,-0.087,-0.107,0.101,-0.259,-0.01,0.069,-0.195
12.559999999999908,0.964,-0.95,1.059,0.964,-0.95,1.059,0.761,-0.754,0.884,0.259,0.101,-0.356,-0.154,0.118,-0.283,-0.011,0.071,-0.19
12.599999999999907,0.908,-0.928,1.036,0.908,-0.928,1.036,0.76,-0.749,0.883,-1.132,0.455,-0.446,-0.222,0.141,-0.294,-0.011,0.073,-0.179
12.639999999999906,0.983,-0.945,1.041,0.983,-0.945,1.041,0.759,-0.745,0.882,3.276,-0.718,0.561,-0.16,0.124,-0.28,-0.011,0.073,-0.173
12.679999999999906,0.854,-0.898,1.014,0.854,-0.898,1.014,0.758,-0.737,0.881,-1.721,0.712,-0.245,-0.27,0.161,-0.287,-0.012,0.077,-0.163
12.719999999999905,0.816,-0.882,1.005,0.816,-0.882,1.005,0.757,-0.735,0.882,-0.859,0.356,-0.195,-0.303,0.171,-0.282,-0.012,0.075,-0.154
12.759999999999904,0.809,-0.872,1.001,0.809,-0.872,1.001,0.756,-0.729,0.881,-0.393,0.267,-0.124,-0.296,0.172,-0.273,-0.013,0.077,-0.147
12.799999999999903,0.815,-0.869,1.0,0.815,-0.869,1.0,0.754,-0.723,0.881,1.553,-0.272,0.168,-0.289,0.17,-0.263,-0.013,0.079,-0.14
12.839999999999902,0.833,-0.872,1.002,0.833,-0.872,1.002,0.754,-0.718,0.882,0.59,-0.096,0.08,-0.265,0.163,-0.254,-0.014,0.081,-0.136
12.879999999999901,0.844,-0.868,1.004,0.844,-0.868,1.004,0.752,-0.712,0.882,-0.201,0.146,-0.017,-0.221,0.15,-0.227,-0.014,0.081,-0.123
12.9199999999999,0.846,-0.865,1.004,0.846,-0.865,1.004,0.751,-0.708,0.882,0.055,0.118,0.008,-0.215,0.149,-0.223,-0.014,0.083,-0.12
12.9599999999999,0.84,-0.856,1.004,0.84,-0.856,1.004,0.749,-0.698,0.883,-0.245,0.169,-0.041,-0.198,0.144,-0.201,-0.016,0.087,-0.108
12.999999999999899,0.842,-0.854,1.004,0.842,-0.854,1.004,0.749,-0.693,0.882,0.045,0.059,0.0,-0.186,0.14,-0.191,-0.016,0.088,-0.103
13.039999999999898,0.887,-0.858,1.012,0.887,-0.858,1.012,0.747,-0.686,0.882,0.898,-0.066,0.177,-0.147,0.132,-0.178,-0.016,0.09,-0.1
13.079999999999897,0.903,-0.857,1.015,0.903,-0.857,1.015,0.747,-0.683,0.881,0.639,0.027,0.142,-0.133,0.13,-0.173,-0.016,0.09,-0.099
13.119999999999896,0.891,-0.847,1.014,0.891,-0.847,1.014,0.746,-0.673,0.88,0.11,0.114,0.017,-0.14,0.131,-0.159,-0.016,0.094,-0.091
13.159999999999895,0.901,-0.845,1.016,0.901,-0.845,1.016,0.745,-0.662,0.88,0.175,0.026,0.028,-0.116,0.123,-0.145,-0.015,0.103,-0.086
13.199999999999894,0.908,-0.838,1.016,0.908,-0.838,1.016,0.745,-0.645,0.879,0.483,0.055,0.075,-0.106,0.124,-0.138,-0.015,0.112,-0.082
13.239999999999894,0.896,-0.826,1.012,0.896,-0.826,1.012,0.745,-0.63,0.879,-0.218,0.297,-0.084,-0.11,0.127,-0.134,-0.014,0.118,-0.078
13.279999999999893,0.9,-0.824,1.011,0.9,-0.824,1.011,0.746,-0.617,0.879,0.181,0.084,-0.024,-0.105,0.126,-0.132,-0.013,0.126,-0.076
13.319999999999892,0.919,-0.813,1.015,0.918,-0.813,1.015,0.748,-0.586,0.88,0.23,0.139,0.05,-0.052,0.128,-0.103,-0.007,0.164,-0.064
13.359999999999891,0.923,-0.796,1.012,0.923,-0.796,1.012,0.75,-0.558,0.881,0.231,0.184,-0.041,-0.046,0.135,-0.1,-0.005,0.178,-0.06
13.39999999999989,0.961,-0.778,1.018,0.961,-0.778,1.018,0.753,-0.527,0.883,1.721,0.019,0.219,-0.021,0.145,-0.09,-0.002,0.197,-0.054
13.43999999999989,0.942,-0.755,1.016,0.942,-0.755,1.016,0.755,-0.506,0.885,-0.761,0.881,-0.07,-0.033,0.157,-0.09,-0.001,0.207,-0.051
13.479999999999889,0.872,-0.71,1.004,0.873,-0.71,1.004,0.758,-0.48,0.888,-2.047,1.053,-0.373,-0.089,0.186,-0.097,0.001,0.22,-0.047
13.519999999999888,0.872,-0.71,1.004,0.873,-0.71,1.004,0.758,-0.48,0.888,-2.047,1.053,-0.373,-0.089,0.186,-0.097,0.001,0.22,-0.047
13.559999999999887,0.923,-0.66,1.013,0.923,-0.66,1.013,0.761,-0.431,0.891,1.823,1.003,0.271,-0.044,0.214,-0.075,0.006,0.252,-0.036
13.599999999999886,0.923,-0.66,1.013,0.923,-0.66,1.013,0.761,-0.431,0.891,1.823,1.003,0.271,-0.044,0.214,-0.075,0.006,0.252,-0.036
13.639999999999885,0.923,-0.62,1.014,0.923,-0.62,1.014,0.765,-0.387,0.894,-0.613,0.746,-0.119,-0.025,0.23,-0.062,0.009,0.273,-0.029
13.679999999999884,0.974,-0.586,1.024,0.974,-0.586,1.024,0.766,-0.367,0.895,1.058,0.716,0.204,0.031,0.255,-0.048,0.01,0.281,-0.027
13.719999999999883,1.005,-0.572,1.029,1.005,-0.572,1.029,0.767,-0.355,0.896,0.68,0.31,0.116,0.061,0.258,-0.04,0.01,0.28,-0.025
13.759999999999883,0.953,-0.532,1.021,0.953,-0.532,1.021,0.768,-0.332,0.896,-2.031,1.074,-0.241,0.033,0.273,-0.044,0.011,0.286,-0.024
13.799999999999882,0.961,-0.518,1.021,0.961,-0.518,1.021,0.769,-0.312,0.896,0.156,0.245,0.008,0.042,0.271,-0.04,0.011,0.291,-0.023
13.83999999999988,0.901,-0.482,1.011,0.901,-0.482,1.011,0.77,-0.299,0.896,-1.154,0.626,-0.264,0.007,0.284,-0.045,0.012,0.291,-0.022
13.87999999999988,0.881,-0.462,1.009,0.881,-0.462,1.009,0.772,-0.277,0.896,-0.434,0.435,-0.057,-0.018,0.293,-0.045,0.013,0.301,-0.021
13.91999999999988,0.856,-0.436,1.002,0.856,-0.436,1.002,0.775,-0.246,0.896,1.353,0.389,0.184,-0.033,0.3,-0.048,0.015,0.312,-0.02
13.959999999999878,0.856,-0.436,1.002,0.856,-0.436,1.002,0.775,-0.246,0.896,1.353,0.389,0.184,-0.033,0.3,-0.048,0.015,0.312,-0.02
13.999999999999877,0.977,-0.414,1.02,0.977,-0.414,1.02,0.781,-0.197,0.895,-3.503,4.249,-0.689,0.222,0.265,-0.003,0.018,0.324,-0.018
14.039999999999877,0.953,-0.382,1.012,0.953,-0.382,1.012,0.787,-0.147,0.895,-0.898,0.789,-0.25,0.193,0.273,-0.009,0.022,0.347,-0.017
14.079999999999876,0.951,-0.34,1.009,0.951,-0.34,1.009,0.794,-0.099,0.895,-0.664,0.654,-0.074,0.175,0.294,-0.011,0.027,0.37,-0.016
14.119999999999875,0.933,-0.316,1.005,0.933,-0.316,1.005,0.798,-0.065,0.895,-0.386,0.527,-0.107,0.144,0.306,-0.016,0.031,0.391,-0.015
14.159999999999874,0.964,-0.295,1.009,0.964,-0.295,1.009,0.802,-0.038,0.895,1.241,0.824,0.16,0.162,0.315,-0.013,0.033,0.402,-0.015
14.199999999999873,0.917,-0.235,0.998,0.917,-0.235,0.998,0.811,0.025,0.895,0.697,1.295,0.102,0.082,0.348,-0.027,0.04,0.438,-0.015
14.239999999999872,0.895,-0.206,0.991,0.895,-0.206,0.991,0.814,0.042,0.895,-0.865,1.111,-0.26,0.064,0.362,-0.031,0.041,0.443,-0.014
14.279999999999871,0.917,-0.18,0.994,0.917,-0.18,0.994,0.818,0.077,0.894,0.516,0.586,0.056,0.088,0.374,-0.027,0.044,0.461,-0.014
14.31999999999987,0.9,-0.109,0.988,0.9,-0.109,0.989,0.826,0.134,0.893,-0.234,0.954,-0.068,0.045,0.451,-0.032,0.051,0.498,-0.014
14.35999999999987,0.835,-0.036,0.975,0.835,-0.036,0.975,0.832,0.187,0.893,-1.553,1.282,-0.308,-0.0,0.482,-0.04,0.053,0.515,-0.014
14.399999999999869,0.92,-0.006,0.986,0.92,-0.006,0.986,0.833,0.202,0.893,3.199,1.12,0.432,0.056,0.493,-0.032,0.053,0.515,-0.013
14.439999999999868,0.935,0.057,0.986,0.935,0.057,0.986,0.838,0.243,0.892,1.897,1.116,0.286,0.045,0.515,-0.033,0.054,0.521,-0.013
14.479999999999867,0.895,0.108,0.975,0.895,0.108,0.975,0.844,0.307,0.892,0.626,0.633,0.077,0.019,0.526,-0.039,0.056,0.546,-0.013
14.519999999999866,0.851,0.164,0.966,0.851,0.164,0.966,0.846,0.337,0.892,-2.537,1.057,-0.434,-0.008,0.546,-0.043,0.056,0.547,-0.012
14.559999999999865,0.842,0.187,0.961,0.842,0.187,0.961,0.847,0.343,0.893,-0.364,0.932,-0.174,-0.014,0.553,-0.045,0.055,0.541,-0.011
14.599999999999865,0.877,0.235,0.964,0.877,0.235,0.964,0.85,0.397,0.903,-0.072,0.666,-0.007,0.037,0.551,-0.036,0.053,0.547,0.001
14.639999999999864,0.807,0.255,0.954,0.807,0.255,0.954,0.851,0.407,0.905,-2.603,0.717,-0.394,-0.014,0.554,-0.043,0.053,0.544,0.003
14.679999999999863,0.849,0.296,0.961,0.849,0.296,0.961,0.852,0.437,0.914,0.744,0.73,0.135,0.048,0.569,-0.029,0.051,0.542,0.015
14.719999999999862,0.849,0.296,0.961,0.849,0.296,0.961,0.852,0.437,0.914,0.744,0.73,0.135,0.048,0.569,-0.029,0.051,0.542,0.015
14.759999999999861,0.859,0.335,0.963,0.859,0.335,0.963,0.854,0.487,0.934,-0.498,0.484,-0.04,0.074,0.537,-0.021,0.046,0.534,0.038
14.79999999999986,0.872,0.374,0.973,0.872,0.374,0.973,0.854,0.508,0.944,-0.763,0.596,0.102,0.08,0.543,-0.014,0.044,0.53,0.043
14.83999999999986,0.931,0.419,0.989,0.931,0.419,0.989,0.854,0.525,0.953,1.084,0.819,0.293,0.15,0.563,0.008,0.041,0.515,0.051
14.879999999999859,0.869,0.425,0.986,0.869,0.425,0.986,0.854,0.545,0.965,-2.201,0.208,-0.099,0.106,0.556,0.006,0.04,0.518,0.059
14.919999999999858,0.855,0.451,0.996,0.855,0.451,0.996,0.853,0.575,0.987,-0.837,0.197,0.048,0.091,0.532,0.017,0.036,0.499,0.075
14.959999999999857,0.921,0.492,1.021,0.921,0.492,1.021,0.852,0.599,1.01,0.894,0.572,0.327,0.137,0.536,0.035,0.033,0.493,0.09
14.999999999999856,0.921,0.492,1.021,0.921,0.492,1.021,0.852,0.599,1.01,0.894,0.572,0.327,0.137,0.536,0.035,0.033,0.493,0.09
15.039999999999855,0.855,0.512,1.025,0.855,0.512,1.025,0.851,0.619,1.03,-7.285,1.172,-0.01,0.089,0.512,0.038,0.03,0.473,0.101
15.079999999999854,0.915,0.563,1.066,0.915,0.563,1.066,0.849,0.647,1.06,2.042,0.738,0.662,0.124,0.518,0.075,0.026,0.458,0.12
15.119999999999854,0.919,0.576,1.077,0.919,0.576,1.077,0.848,0.661,1.078,0.073,0.223,0.182,0.12,0.495,0.084,0.022,0.442,0.134
15.159999999999853,0.881,0.592,1.093,0.881,0.592,1.093,0.847,0.672,1.092,-1.11,0.48,0.466,0.087,0.495,0.094,0.021,0.439,0.141
15.199999999999852,0.725,0.597,1.099,0.725,0.597,1.099,0.844,0.699,1.129,-2.533,-0.176,-0.159,-0.043,0.456,0.091,0.017,0.421,0.158
15.239999999999851,0.725,0.597,1.099,0.725,0.597,1.099,0.844,0.699,1.129,-2.533,-0.176,-0.159,-0.043,0.456,0.091,0.017,0.421,0.158
15.27999999999985,0.839,0.661,1.169,0.839,0.661,1.169,0.841,0.726,1.166,3.584,1.955,1.997,0.04,0.388,0.123,0.008,0.378,0.188
15.31999999999985,0.876,0.688,1.199,0.876,0.688,1.199,0.839,0.741,1.193,-0.114,0.234,0.264,0.057,0.388,0.136,0.006,0.371,0.197
15.359999999999848,0.844,0.699,1.215,0.844,0.699,1.215,0.838,0.748,1.207,1.165,0.575,0.831,0.019,0.375,0.137,0.005,0.361,0.2
15.399999999999848,0.859,0.708,1.227,0.859,0.708,1.227,0.835,0.761,1.235,0.265,0.171,0.207,0.036,0.361,0.142,0.002,0.352,0.221
15.439999999999847,0.804,0.711,1.237,0.804,0.711,1.237,0.833,0.769,1.257,-2.389,-0.312,-0.197,0.0,0.346,0.144,0.0,0.34,0.226
15.479999999999846,0.764,0.713,1.237,0.764,0.713,1.237,0.832,0.774,1.271,-1.192,0.077,-0.01,-0.03,0.339,0.14,-0.001,0.335,0.231
15.519999999999845,0.863,0.737,1.281,0.863,0.737,1.281,0.831,0.779,1.283,0.88,0.292,0.52,0.041,0.342,0.165,-0.002,0.324,0.23
15.559999999999844,0.848,0.745,1.305,0.848,0.745,1.305,0.83,0.785,1.293,-1.183,-0.143,0.129,0.025,0.333,0.175,-0.002,0.315,0.228
15.599999999999843,0.791,0.744,1.314,0.791,0.744,1.314,0.829,0.792,1.299,-0.641,-0.005,0.273,-0.019,0.318,0.175,-0.003,0.307,0.223
15.639999999999842,0.828,0.758,1.335,0.828,0.758,1.335,0.827,0.798,1.302,0.638,0.239,0.374,0.039,0.311,0.192,-0.005,0.29,0.207
15.679999999999842,0.796,0.76,1.347,0.796,0.76,1.347,0.826,0.807,1.303,-0.768,-0.057,-0.036,0.01,0.297,0.191,-0.006,0.283,0.198
15.71999999999984,0.81,0.767,1.354,0.81,0.767,1.354,0.825,0.809,1.303,0.503,0.232,0.273,0.02,0.296,0.193,-0.006,0.279,0.194
15.75999999999984,0.761,0.758,1.348,0.761,0.758,1.348,0.824,0.814,1.304,-0.645,-0.08,-0.129,-0.04,0.253,0.165,-0.007,0.255,0.175
15.799999999999839,0.757,0.761,1.348,0.757,0.761,1.348,0.823,0.816,1.305,-0.135,0.096,0.013,-0.042,0.249,0.161,-0.007,0.25,0.171
15.839999999999838,0.762,0.775,1.352,0.762,0.775,1.352,0.822,0.815,1.306,0.52,0.304,0.195,-0.035,0.249,0.158,-0.008,0.239,0.165
15.879999999999837,0.722,0.777,1.343,0.722,0.777,1.343,0.82,0.811,1.308,-0.325,0.113,-0.061,-0.069,0.238,0.141,-0.009,0.222,0.157
15.919999999999837,0.728,0.782,1.346,0.728,0.782,1.346,0.819,0.804,1.309,0.207,0.181,0.102,-0.061,0.236,0.14,-0.01,0.21,0.154
15.959999999999836,0.73,0.789,1.35,0.73,0.789,1.35,0.816,0.788,1.312,-0.711,-0.131,-0.071,-0.035,0.223,0.132,-0.012,0.165,0.141
15.999999999999835,0.716,0.784,1.348,0.716,0.784,1.348,0.812,0.753,1.314,-0.171,-0.066,-0.016,-0.056,0.178,0.109,-0.018,0.082,0.125
16.039999999999836,0.756,0.786,1.363,0.756,0.786,1.363,0.812,0.749,1.314,1.356,0.085,0.508,-0.029,0.176,0.116,-0.018,0.077,0.123
16.079999999999835,0.81,0.787,1.379,0.809,0.787,1.379,0.808,0.709,1.318,0.844,0.017,0.244,0.045,0.163,0.127,-0.021,0.02,0.117
16.119999999999834,0.84,0.78,1.389,0.84,0.78,1.389,0.806,0.686,1.32,0.58,-0.132,0.183,0.075,0.146,0.13,-0.022,-0.006,0.113
16.159999999999833,0.797,0.742,1.385,0.797,0.742,1.385,0.802,0.642,1.324,-0.533,-0.694,0.169,0.05,0.122,0.125,-0.024,-0.029,0.112
16.199999999999832,0.756,0.717,1.374,0.756,0.717,1.374,0.802,0.635,1.325,-1.221,-0.749,-0.341,0.017,0.099,0.113,-0.023,-0.034,0.11
16.23999999999983,0.661,0.663,1.351,0.661,0.663,1.351,0.798,0.585,1.33,-1.62,-1.057,-0.203,-0.074,0.043,0.08,-0.026,-0.087,0.106
16.27999999999983,0.633,0.626,1.345,0.633,0.626,1.345,0.794,0.543,1.332,1.54,-0.174,0.466,-0.086,0.019,0.074,-0.028,-0.111,0.104
16.31999999999983,0.493,0.579,1.309,0.493,0.579,1.309,0.793,0.538,1.331,-5.264,-1.769,-1.356,-0.184,-0.014,0.048,-0.027,-0.113,0.102
16.35999999999983,0.85,0.62,1.421,0.849,0.62,1.421,0.789,0.489,1.315,8.938,1.069,2.603,0.146,0.022,0.145,-0.03,-0.155,0.078
16.399999999999828,0.777,0.552,1.407,0.777,0.552,1.407,0.787,0.464,1.297,-0.841,-1.207,-0.055,0.086,-0.029,0.129,-0.03,-0.168,0.061
16.439999999999827,0.821,0.541,1.424,0.821,0.541,1.424,0.785,0.436,1.27,0.842,-0.219,0.326,0.143,-0.044,0.144,-0.031,-0.195,0.019
16.479999999999826,0.726,0.506,1.395,0.726,0.506,1.395,0.783,0.413,1.245,-1.878,-0.682,-0.57,0.012,-0.085,0.097,-0.031,-0.21,-0.013
16.519999999999825,0.837,0.502,1.421,0.837,0.502,1.421,0.783,0.409,1.24,4.563,-0.177,1.065,0.08,-0.087,0.112,-0.031,-0.21,-0.016
16.559999999999825,0.795,0.429,1.376,0.795,0.429,1.376,0.781,0.377,1.198,-0.052,-0.457,-0.509,0.017,-0.169,0.051,-0.031,-0.231,-0.065
16.599999999999824,0.672,0.4,1.329,0.672,0.4,1.329,0.778,0.351,1.162,-2.188,-0.522,-0.849,-0.151,-0.196,-0.017,-0.032,-0.248,-0.108
16.639999999999823,0.801,0.382,1.328,0.801,0.382,1.328,0.777,0.341,1.146,-1.004,-0.698,-1.056,-0.103,-0.203,-0.025,-0.032,-0.249,-0.117
16.679999999999822,0.839,0.371,1.322,0.839,0.371,1.322,0.776,0.327,1.125,1.116,-0.312,-0.178,-0.067,-0.206,-0.03,-0.032,-0.253,-0.132
16.71999999999982,0.953,0.363,1.316,0.953,0.363,1.316,0.772,0.305,1.088,2.676,-0.474,-0.448,0.043,-0.195,-0.029,-0.033,-0.258,-0.16
16.75999999999982,0.897,0.335,1.281,0.897,0.335,1.281,0.77,0.287,1.055,-0.936,-0.474,-0.59,-0.045,-0.221,-0.08,-0.034,-0.261,-0.193
16.79999999999982,0.897,0.335,1.281,0.897,0.335,1.281,0.77,0.287,1.055,-0.936,-0.474,-0.59,-0.045,-0.221,-0.08,-0.034,-0.261,-0.193
16.83999999999982,1.077,0.321,1.291,1.076,0.321,1.291,0.766,0.268,1.017,2.626,-0.207,0.147,0.235,-0.219,-0.056,-0.036,-0.263,-0.228
16.879999999999818,0.957,0.273,1.207,0.957,0.273,1.207,0.763,0.253,0.985,1.154,-0.223,-0.491,0.098,-0.249,-0.127,-0.036,-0.259,-0.24
16.919999999999817,1.02,0.276,1.201,1.02,0.276,1.201,0.762,0.244,0.962,1.204,0.061,-0.118,0.166,-0.23,-0.126,-0.036,-0.254,-0.251
16.959999999999816,0.887,0.23,1.127,0.887,0.23,1.127,0.759,0.231,0.928,0.648,-0.464,-0.857,0.067,-0.252,-0.169,-0.036,-0.254,-0.263
16.999999999999815,0.937,0.224,1.119,0.937,0.224,1.119,0.757,0.221,0.9,1.407,-0.19,-0.223,0.109,-0.25,-0.171,-0.037,-0.255,-0.28
17.039999999999814,0.939,0.22,1.099,0.939,0.22,1.099,0.755,0.213,0.877,0.029,-0.091,-0.534,0.106,-0.245,-0.184,-0.038,-0.253,-0.292
17.079999999999814,0.879,0.192,1.027,0.879,0.192,1.027,0.751,0.2,0.83,-3.245,-1.15,-2.466,0.05,-0.246,-0.219,-0.038,-0.246,-0.307
17.119999999999813,0.879,0.192,1.027,0.879,0.192,1.027,0.751,0.2,0.83,-3.245,-1.15,-2.466,0.05,-0.246,-0.219,-0.038,-0.246,-0.307
17.159999999999812,0.863,0.184,1.006,0.863,0.184,1.006,0.749,0.194,0.806,-0.274,-0.126,-0.353,0.019,-0.235,-0.232,-0.037,-0.232,-0.314
17.19999999999981,0.826,0.171,0.959,0.826,0.171,0.959,0.747,0.188,0.777,-0.83,-0.309,-1.054,-0.022,-0.238,-0.271,-0.037,-0.228,-0.33
17.23999999999981,0.856,0.161,0.94,0.856,0.161,0.94,0.745,0.181,0.747,0.669,-0.212,-0.401,0.013,-0.237,-0.278,-0.038,-0.224,-0.346
17.27999999999981,0.886,0.149,0.904,0.886,0.149,0.904,0.743,0.175,0.729,0.502,-0.234,-0.62,0.037,-0.232,-0.291,-0.038,-0.216,-0.341
17.31999999999981,0.846,0.141,0.876,0.846,0.141,0.876,0.742,0.173,0.726,-1.862,-0.381,-1.31,0.015,-0.233,-0.303,-0.038,-0.214,-0.339
17.359999999999808,0.887,0.133,0.84,0.887,0.133,0.84,0.74,0.169,0.719,-0.277,-0.191,-1.001,0.068,-0.224,-0.31,-0.037,-0.203,-0.321
17.399999999999807,0.84,0.124,0.817,0.84,0.124,0.817,0.739,0.167,0.717,-1.546,-0.281,-0.759,0.029,-0.225,-0.321,-0.037,-0.2,-0.315
17.439999999999806,0.875,0.124,0.809,0.875,0.124,0.809,0.738,0.165,0.716,0.941,-0.016,-0.2,0.063,-0.217,-0.316,-0.036,-0.194,-0.304
17.479999999999805,0.852,0.114,0.796,0.852,0.114,0.796,0.736,0.162,0.715,-0.712,-0.185,-0.216,0.041,-0.21,-0.306,-0.036,-0.183,-0.284
17.519999999999804,0.839,0.11,0.792,0.839,0.11,0.792,0.734,0.16,0.714,-0.309,-0.108,-0.09,0.023,-0.205,-0.295,-0.036,-0.176,-0.27
17.559999999999803,0.824,0.106,0.786,0.824,0.106,0.786,0.734,0.159,0.714,-0.181,-0.14,-0.116,0.013,-0.202,-0.291,-0.035,-0.173,-0.264
17.599999999999802,0.844,0.106,0.787,0.844,0.106,0.787,0.733,0.157,0.713,0.438,0.011,0.018,0.038,-0.189,-0.273,-0.034,-0.165,-0.249
17.6399999999998,0.84,0.105,0.786,0.84,0.105,0.786,0.734,0.156,0.713,0.063,0.019,-0.008,0.035,-0.183,-0.264,-0.032,-0.16,-0.24
17.6799999999998,0.84,0.105,0.786,0.84,0.105,0.786,0.734,0.156,0.713,0.063,0.019,-0.008,0.035,-0.183,-0.264,-0.032,-0.16,-0.24
17.7199999999998,0.857,0.102,0.787,0.857,0.102,0.787,0.736,0.154,0.713,0.289,0.001,0.008,0.054,-0.169,-0.235,-0.026,-0.147,-0.217
17.7599999999998,0.877,0.1,0.788,0.877,0.1,0.788,0.738,0.154,0.713,0.789,-0.063,0.053,0.067,-0.167,-0.23,-0.024,-0.145,-0.213
17.799999999999798,0.907,0.1,0.791,0.907,0.1,0.791,0.746,0.152,0.712,0.63,-0.098,0.061,0.091,-0.154,-0.209,-0.015,-0.136,-0.198
17.839999999999797,0.881,0.098,0.789,0.881,0.098,0.789,0.75,0.151,0.711,-0.541,-0.027,-0.049,0.053,-0.147,-0.2,-0.01,-0.128,-0.188
17.879999999999797,0.888,0.096,0.79,0.888,0.096,0.79,0.758,0.151,0.71,0.15,-0.059,0.025,0.059,-0.142,-0.187,0.001,-0.122,-0.179
17.919999999999796,0.895,0.095,0.79,0.895,0.095,0.79,0.768,0.15,0.708,0.133,-0.013,0.002,0.063,-0.134,-0.177,0.012,-0.116,-0.17
17.959999999999795,0.918,0.094,0.791,0.918,0.094,0.791,0.785,0.149,0.707,1.699,0.009,0.071,0.064,-0.124,-0.161,0.033,-0.108,-0.158
17.999999999999794,0.925,0.094,0.79,0.925,0.094,0.79,0.796,0.149,0.706,0.267,-0.025,-0.036,0.067,-0.122,-0.159,0.04,-0.106,-0.156
18.039999999999793,0.942,0.094,0.79,0.942,0.094,0.79,0.805,0.148,0.706,0.408,-0.002,0.01,0.083,-0.116,-0.152,0.048,-0.102,-0.149
18.079999999999792,0.955,0.09,0.787,0.955,0.09,0.787,0.827,0.148,0.705,-0.212,-0.014,-0.098,0.088,-0.115,-0.148,0.06,-0.098,-0.145
18.11999999999979,0.961,0.089,0.786,0.961,0.089,0.786,0.846,0.148,0.704,0.124,-0.022,-0.022,0.09,-0.11,-0.142,0.08,-0.094,-0.138
18.15999999999979,0.977,0.089,0.787,0.976,0.089,0.787,0.868,0.147,0.703,0.335,-0.002,0.004,0.103,-0.104,-0.134,0.101,-0.089,-0.131
18.19999999999979,1.005,0.088,0.786,1.005,0.088,0.786,0.893,0.147,0.703,1.151,-0.034,0.042,0.122,-0.101,-0.129,0.115,-0.086,-0.127
18.23999999999979,1.019,0.087,0.785,1.019,0.087,0.785,0.914,0.147,0.703,0.277,-0.014,-0.021,0.132,-0.096,-0.122,0.135,-0.081,-0.119
18.279999999999788,1.019,0.087,0.785,1.019,0.087,0.785,0.914,0.147,0.703,0.277,-0.014,-0.021,0.132,-0.096,-0.122,0.135,-0.081,-0.119
18.319999999999787,1.047,0.086,0.784,1.047,0.086,0.784,0.967,0.147,0.705,0.693,-0.027,0.002,0.141,-0.084,-0.107,0.183,-0.071,-0.102
18.359999999999786,1.092,0.083,0.787,1.092,0.083,0.787,0.997,0.146,0.706,0.793,-0.064,0.024,0.163,-0.083,-0.103,0.195,-0.069,-0.098
18.399999999999785,1.107,0.084,0.786,1.107,0.084,0.786,1.027,0.146,0.708,-0.285,0.018,-0.075,0.166,-0.08,-0.099,0.208,-0.066,-0.093
18.439999999999785,1.113,0.083,0.785,1.113,0.083,0.785,1.055,0.146,0.71,0.109,-0.019,-0.027,0.162,-0.075,-0.094,0.231,-0.062,-0.083
18.479999999999784,1.149,0.083,0.786,1.149,0.083,0.786,1.081,0.146,0.712,1.556,-0.0,0.034,0.181,-0.074,-0.092,0.243,-0.061,-0.081
18.519999999999783,1.062,0.075,0.778,1.062,0.075,0.778,1.12,0.146,0.716,-0.414,-0.06,-0.07,0.057,-0.077,-0.093,0.264,-0.056,-0.07
18.559999999999782,1.098,0.075,0.781,1.098,0.075,0.781,1.134,0.145,0.718,0.322,-0.027,0.029,0.077,-0.075,-0.089,0.265,-0.054,-0.067
18.59999999999978,1.102,0.073,0.781,1.102,0.073,0.781,1.161,0.142,0.721,0.074,-0.037,0.006,0.077,-0.072,-0.082,0.283,-0.055,-0.057
18.63999999999978,1.132,0.073,0.782,1.132,0.073,0.782,1.183,0.137,0.724,1.135,-0.034,-0.026,0.093,-0.07,-0.079,0.289,-0.057,-0.054
18.67999999999978,1.132,0.073,0.782,1.132,0.073,0.782,1.183,0.137,0.724,1.135,-0.034,-0.026,0.093,-0.07,-0.079,0.289,-0.057,-0.054
18.71999999999978,1.182,0.068,0.793,1.182,0.068,0.793,1.228,0.116,0.728,-0.015,-0.034,0.112,0.165,-0.063,-0.047,0.303,-0.077,-0.037
18.759999999999778,1.206,0.068,0.796,1.206,0.068,0.796,1.246,0.101,0.73,0.706,-0.007,0.081,0.178,-0.061,-0.044,0.31,-0.086,-0.035
18.799999999999777,1.229,0.058,0.798,1.229,0.058,0.798,1.257,0.09,0.73,0.145,-0.245,0.021,0.185,-0.066,-0.042,0.307,-0.09,-0.034
18.839999999999776,1.23,0.052,0.8,1.23,0.052,0.8,1.278,0.06,0.731,0.019,-0.11,0.033,0.174,-0.069,-0.037,0.314,-0.122,-0.031
18.879999999999775,1.235,0.037,0.805,1.235,0.037,0.805,1.291,0.034,0.731,-0.827,-0.31,0.022,0.169,-0.076,-0.032,0.312,-0.136,-0.03
18.919999999999774,1.242,0.027,0.805,1.242,0.027,0.805,1.305,-0.002,0.73,0.137,-0.189,0.002,0.166,-0.084,-0.03,0.308,-0.173,-0.029
18.959999999999773,1.312,0.003,0.811,1.312,0.003,0.811,1.313,-0.037,0.728,-0.088,-0.55,-0.007,0.206,-0.097,-0.025,0.302,-0.192,-0.029
18.999999999999773,1.302,-0.032,0.813,1.303,-0.032,0.813,1.321,-0.084,0.726,-0.171,-0.622,0.042,0.175,-0.141,-0.019,0.289,-0.241,-0.03
19.03999999999977,1.374,-0.051,0.817,1.374,-0.051,0.817,1.324,-0.109,0.725,1.479,-0.384,0.082,0.248,-0.154,-0.014,0.276,-0.256,-0.03
19.07999999999977,1.388,-0.098,0.818,1.388,-0.098,0.818,1.327,-0.153,0.722,0.841,-0.83,0.046,0.251,-0.18,-0.013,0.268,-0.274,-0.03
19.11999999999977,1.406,-0.123,0.819,1.406,-0.122,0.819,1.329,-0.181,0.721,0.705,-0.982,0.064,0.258,-0.193,-0.012,0.265,-0.288,-0.031
19.15999999999977,1.402,-0.181,0.818,1.402,-0.181,0.818,1.331,-0.255,0.718,29.334,-17.326,0.771,0.111,-0.215,-0.015,0.232,-0.373,-0.031
19.19999999999977,1.341,-0.213,0.812,1.341,-0.213,0.812,1.331,-0.299,0.717,-1.178,-0.609,-0.102,0.034,-0.239,-0.021,0.219,-0.402,-0.031
19.239999999999768,1.392,-0.241,0.814,1.392,-0.241,0.814,1.331,-0.332,0.716,2.006,-1.133,0.065,0.063,-0.252,-0.019,0.215,-0.416,-0.031
19.279999999999767,1.386,-0.313,0.812,1.386,-0.312,0.812,1.331,-0.365,0.715,-0.1,-1.311,-0.039,0.052,-0.323,-0.021,0.201,-0.428,-0.03
19.319999999999766,1.392,-0.413,0.815,1.392,-0.412,0.815,1.33,-0.441,0.712,1.328,-2.41,0.151,0.032,-0.376,-0.018,0.183,-0.474,-0.031
19.359999999999765,1.392,-0.413,0.815,1.392,-0.412,0.815,1.33,-0.441,0.712,1.328,-2.41,0.151,0.032,-0.376,-0.018,0.183,-0.474,-0.031
19.399999999999764,1.4,-0.506,0.816,1.4,-0.506,0.816,1.329,-0.504,0.707,-0.758,-0.947,-0.067,0.063,-0.444,-0.012,0.156,-0.502,-0.034
19.439999999999763,1.356,-0.531,0.814,1.357,-0.531,0.814,1.329,-0.544,0.702,-1.193,-0.663,-0.051,0.03,-0.45,-0.013,0.151,-0.517,-0.036
19.479999999999762,1.286,-0.572,0.806,1.286,-0.572,0.806,1.328,-0.575,0.699,-1.422,-0.839,-0.167,-0.044,-0.47,-0.02,0.143,-0.523,-0.038
19.51999999999976,1.286,-0.572,0.806,1.286,-0.572,0.806,1.328,-0.575,0.699,-1.422,-0.839,-0.167,-0.044,-0.47,-0.02,0.143,-0.523,-0.038
19.55999999999976,1.382,-0.658,0.809,1.382,-0.658,0.809,1.328,-0.643,0.692,0.818,-0.732,0.028,0.152,-0.53,-0.009,0.115,-0.535,-0.042
19.59999999999976,1.324,-0.714,0.801,1.324,-0.714,0.801,1.328,-0.689,0.689,-2.242,-1.194,-0.256,0.119,-0.528,-0.012,0.107,-0.532,-0.042
19.63999999999976,1.324,-0.714,0.801,1.324,-0.714,0.801,1.328,-0.689,0.689,-2.242,-1.194,-0.256,0.119,-0.528,-0.012,0.107,-0.532,-0.042
19.679999999999758,1.316,-0.734,0.801,1.316,-0.734,0.801,1.328,-0.721,0.688,-0.116,-0.309,-0.002,0.102,-0.512,-0.012,0.099,-0.529,-0.04
19.719999999999757,1.291,-0.765,0.798,1.291,-0.765,0.798,1.328,-0.735,0.688,-0.735,-0.92,-0.101,0.087,-0.52,-0.013,0.098,-0.526,-0.039
19.759999999999756,1.345,-0.814,0.796,1.345,-0.813,0.796,1.328,-0.751,0.687,0.808,-0.719,-0.018,0.141,-0.535,-0.014,0.091,-0.506,-0.037
19.799999999999756,1.325,-0.828,0.795,1.325,-0.828,0.795,1.328,-0.768,0.687,-0.61,-0.414,-0.042,0.126,-0.533,-0.014,0.089,-0.506,-0.036
19.839999999999755,1.381,-0.887,0.798,1.381,-0.887,0.798,1.33,-0.805,0.686,-0.074,-0.42,-0.031,0.179,-0.541,-0.009,0.082,-0.492,-0.034
19.879999999999754,1.381,-0.887,0.798,1.381,-0.887,0.798,1.33,-0.805,0.686,-0.074,-0.42,-0.031,0.179,-0.541,-0.009,0.082,-0.492,-0.034
19.919999999999753,1.274,-0.889,0.791,1.274,-0.889,0.791,1.331,-0.829,0.685,-1.368,-0.024,-0.094,0.016,-0.487,-0.018,0.075,-0.474,-0.031
19.959999999999752,1.274,-0.905,0.79,1.274,-0.905,0.79,1.332,-0.843,0.685,0.011,-0.468,-0.037,0.016,-0.487,-0.018,0.074,-0.472,-0.03
19.99999999999975,1.318,-0.942,0.794,1.318,-0.942,0.794,1.333,-0.876,0.683,-0.722,-0.182,-0.039,0.044,-0.488,-0.014,0.071,-0.472,-0.03
