epoch,time,train/box_loss,train/cls_loss,train/dfl_loss,metrics/precision(B),metrics/recall(B),metrics/mAP50(B),metrics/mAP50-95(B),val/box_loss,val/cls_loss,val/dfl_loss,lr/pg0,lr/pg1,lr/pg2
1,2.93946,0.84916,2.36753,1.03725,1,0.56714,0.995,0.85134,0.56801,2.28944,0.86265,0.00032,0.00032,0.00032
2,4.41848,0.6636,1.23852,0.92318,0.00333,1,0.92772,0.77261,0.63069,2.75332,0.90874,0.000656733,0.000656733,0.000656733
3,5.88637,0.6263,1.01489,0.90385,1,0.30617,0.82954,0.65473,0.76408,2.56326,0.93736,0.0009901,0.0009901,0.0009901
4,7.31733,0.60132,0.9564,0.91279,1,0.82023,0.94474,0.75828,0.646,1.82766,0.89001,0.0013201,0.0013201,0.0013201
5,8.76499,0.62155,0.92959,0.92748,1,0.96491,0.99457,0.86162,0.54005,1.51386,0.89338,0.00164674,0.00164674,0.00164674
6,10.2131,0.64858,0.9257,0.93786,0.95574,0.9697,0.98436,0.84806,0.62437,0.88021,0.94277,0.0019505,0.0019505,0.0019505
7,11.6471,0.61392,0.79717,0.94511,0.93094,0.81698,0.83654,0.73313,0.60962,1.00292,0.97377,0.0019406,0.0019406,0.0019406
8,13.0861,0.59897,0.73722,0.92345,0.95511,0.96715,0.98726,0.61872,1.09698,1.03173,1.60687,0.0019307,0.0019307,0.0019307
9,14.5083,0.5605,0.68078,0.90073,0.99613,1,0.995,0.86568,0.58439,0.7144,0.90796,0.0019208,0.0019208,0.0019208
10,15.9424,0.58465,0.64483,0.91773,0.99853,1,0.995,0.86452,0.57188,0.56141,0.93371,0.0019109,0.0019109,0.0019109
11,17.3856,0.59765,0.66061,0.91972,0.98296,1,0.9944,0.892,0.46573,0.52828,0.8991,0.001901,0.001901,0.001901
12,18.8332,0.55109,0.59471,0.92284,0.96746,0.98485,0.99357,0.85556,0.51357,0.565,0.91718,0.0018911,0.0018911,0.0018911
13,20.2544,0.51137,0.54821,0.90129,0.99169,0.83333,0.921,0.83929,0.42472,0.88098,0.87834,0.0018812,0.0018812,0.0018812
14,21.6858,0.49904,0.51655,0.89216,0.95615,0.99117,0.99148,0.89523,0.41317,0.50444,0.86502,0.0018713,0.0018713,0.0018713
15,23.1206,0.49397,0.50612,0.89908,0.93712,0.90324,0.9849,0.8535,0.47966,0.71873,0.90359,0.0018614,0.0018614,0.0018614
16,24.5534,0.49574,0.478,0.89564,0.99938,1,0.995,0.91685,0.38797,0.4231,0.84026,0.0018515,0.0018515,0.0018515
17,25.9757,0.50137,0.47597,0.88654,0.99752,1,0.995,0.91589,0.37933,0.43168,0.84436,0.0018416,0.0018416,0.0018416
18,27.4017,0.50301,0.47055,0.89467,0.99649,1,0.995,0.92328,0.3874,0.42601,0.87123,0.0018317,0.0018317,0.0018317
19,28.8518,0.48662,0.44443,0.89642,0.99398,1,0.995,0.93215,0.3887,0.38179,0.86756,0.0018218,0.0018218,0.0018218
20,30.3069,0.48149,0.43792,0.88111,0.99853,1,0.995,0.91802,0.37251,0.37681,0.8509,0.0018119,0.0018119,0.0018119
21,31.7315,0.46441,0.42237,0.87389,0.99822,1,0.995,0.92454,0.39922,0.38079,0.86384,0.001802,0.001802,0.001802
22,33.1658,0.46449,0.39842,0.87789,1,0.9974,0.995,0.90828,0.39429,0.3889,0.86567,0.0017921,0.0017921,0.0017921
23,34.5965,0.47669,0.40086,0.88329,0.9959,1,0.995,0.89545,0.41967,0.41323,0.87187,0.0017822,0.0017822,0.0017822
24,36.0307,0.49515,0.39748,0.90085,0.9978,1,0.995,0.90257,0.4318,0.38217,0.88842,0.0017723,0.0017723,0.0017723
25,37.4563,0.47154,0.39202,0.89012,0.99854,1,0.995,0.90986,0.4284,0.33433,0.87038,0.0017624,0.0017624,0.0017624
26,38.8944,0.46735,0.39376,0.87686,0.95435,1,0.99012,0.88839,0.41375,0.37335,0.88014,0.0017525,0.0017525,0.0017525
27,40.338,0.44726,0.39592,0.8856,0.98471,1,0.995,0.92255,0.39706,0.35955,0.87292,0.0017426,0.0017426,0.0017426
28,41.7783,0.45864,0.38068,0.89068,0.99832,1,0.995,0.89943,0.42625,0.32201,0.88403,0.0017327,0.0017327,0.0017327
29,43.2216,0.43249,0.3883,0.87088,0.95415,1,0.99351,0.87523,0.47706,0.34019,0.89905,0.0017228,0.0017228,0.0017228
30,44.7185,0.44732,0.3704,0.86824,0.9822,1,0.99455,0.89742,0.47613,0.34815,0.93577,0.0017129,0.0017129,0.0017129
31,46.1544,0.47633,0.38004,0.91589,0.9811,1,0.99321,0.90577,0.36072,0.31455,0.86128,0.001703,0.001703,0.001703
32,47.5917,0.45001,0.36502,0.87657,0.99833,0.86364,0.97017,0.87864,0.41317,0.42841,0.89858,0.0016931,0.0016931,0.0016931
33,49.0248,0.42595,0.35031,0.87341,0.96912,1,0.99306,0.90881,0.41229,0.36464,0.90403,0.0016832,0.0016832,0.0016832
34,50.4719,0.42751,0.34371,0.88438,0.98307,1,0.99321,0.92629,0.41632,0.34775,0.89962,0.0016733,0.0016733,0.0016733
35,51.938,0.44806,0.34259,0.86335,0.99762,1,0.995,0.93552,0.41972,0.32482,0.90369,0.0016634,0.0016634,0.0016634
36,53.3914,0.46362,0.3701,0.89793,0.99891,1,0.995,0.91772,0.36184,0.29817,0.84899,0.0016535,0.0016535,0.0016535
37,54.8234,0.41114,0.35313,0.86364,0.98503,0.99709,0.99321,0.90898,0.41942,0.32976,0.91581,0.0016436,0.0016436,0.0016436
38,56.2656,0.38902,0.3269,0.85625,0.99433,1,0.995,0.96233,0.3268,0.28874,0.84044,0.0016337,0.0016337,0.0016337
39,57.7177,0.42065,0.33201,0.86153,0.99855,1,0.995,0.94537,0.30546,0.26074,0.83164,0.0016238,0.0016238,0.0016238
40,59.1578,0.41507,0.32775,0.86223,0.99895,1,0.995,0.94481,0.33973,0.27428,0.83501,0.0016139,0.0016139,0.0016139
41,60.5973,0.40358,0.32507,0.85398,0.99848,1,0.995,0.93914,0.3852,0.25982,0.85253,0.001604,0.001604,0.001604
42,62.0362,0.40311,0.32346,0.85274,0.9991,1,0.995,0.96679,0.3105,0.24408,0.82863,0.0015941,0.0015941,0.0015941
43,63.4782,0.42106,0.31806,0.87496,0.99907,1,0.995,0.96239,0.33651,0.25351,0.84037,0.0015842,0.0015842,0.0015842
44,64.9224,0.40413,0.30755,0.86029,0.99893,1,0.995,0.9584,0.32207,0.2355,0.83725,0.0015743,0.0015743,0.0015743
45,66.3656,0.40308,0.31178,0.86891,0.99907,1,0.995,0.96146,0.32913,0.26113,0.84042,0.0015644,0.0015644,0.0015644
46,67.8026,0.40113,0.3094,0.86908,0.9988,1,0.995,0.96109,0.34088,0.24455,0.8381,0.0015545,0.0015545,0.0015545
47,69.2506,0.42941,0.31819,0.88377,0.99735,1,0.995,0.94398,0.34764,0.242,0.83706,0.0015446,0.0015446,0.0015446
48,70.6887,0.41391,0.31166,0.85959,0.99894,1,0.995,0.95707,0.32345,0.2308,0.83223,0.0015347,0.0015347,0.0015347
49,72.1172,0.39843,0.29984,0.8604,0.99916,1,0.995,0.9457,0.34393,0.25041,0.83657,0.0015248,0.0015248,0.0015248
50,73.5553,0.39566,0.28793,0.85714,0.99918,1,0.995,0.96081,0.37787,0.27215,0.84448,0.0015149,0.0015149,0.0015149
51,74.9991,0.39431,0.30356,0.85989,0.99903,1,0.995,0.96636,0.30428,0.23045,0.83009,0.001505,0.001505,0.001505
52,76.4374,0.4061,0.30565,0.86374,0.99905,1,0.995,0.95331,0.31491,0.23889,0.8437,0.0014951,0.0014951,0.0014951
53,77.8547,0.39514,0.30125,0.85694,0.99873,1,0.995,0.94174,0.35424,0.25004,0.8336,0.0014852,0.0014852,0.0014852
54,79.2881,0.39215,0.30029,0.86624,0.99814,1,0.995,0.96576,0.34225,0.24506,0.83232,0.0014753,0.0014753,0.0014753
55,80.7277,0.40991,0.30166,0.88248,0.99899,1,0.995,0.93093,0.36085,0.25269,0.85665,0.0014654,0.0014654,0.0014654
56,82.1739,0.39878,0.29416,0.86667,0.999,1,0.995,0.95686,0.35631,0.26841,0.85338,0.0014555,0.0014555,0.0014555
57,83.6125,0.39058,0.28954,0.85395,0.99879,1,0.995,0.92737,0.40503,0.28995,0.87084,0.0014456,0.0014456,0.0014456
58,85.0572,0.38234,0.2776,0.8542,0.99907,1,0.995,0.92469,0.39233,0.30513,0.87583,0.0014357,0.0014357,0.0014357
59,86.4945,0.39202,0.28506,0.86425,0.99912,1,0.995,0.94808,0.37185,0.25227,0.85651,0.0014258,0.0014258,0.0014258
60,87.9339,0.41064,0.31478,0.88458,0.99908,1,0.995,0.93934,0.38033,0.22983,0.85612,0.0014159,0.0014159,0.0014159
61,89.3739,0.38045,0.27985,0.85581,0.99526,1,0.995,0.93628,0.34995,0.27078,0.85427,0.001406,0.001406,0.001406
62,90.8263,0.37998,0.27714,0.84671,0.99897,1,0.995,0.92558,0.42854,0.32811,0.8741,0.0013961,0.0013961,0.0013961
63,92.2673,0.39022,0.28441,0.85354,0.99912,1,0.995,0.94916,0.39433,0.26403,0.86534,0.0013862,0.0013862,0.0013862
64,93.7136,0.38375,0.2854,0.86511,0.99875,1,0.995,0.9503,0.3782,0.26483,0.87856,0.0013763,0.0013763,0.0013763
65,95.1478,0.38705,0.28121,0.86461,0.99915,1,0.995,0.96027,0.34693,0.2428,0.84693,0.0013664,0.0013664,0.0013664
66,96.5929,0.40799,0.29222,0.86935,0.99914,1,0.995,0.96875,0.3327,0.23301,0.83872,0.0013565,0.0013565,0.0013565
67,98.0458,0.38784,0.29175,0.85871,0.99918,1,0.995,0.97623,0.31055,0.21572,0.82732,0.0013466,0.0013466,0.0013466
68,99.4971,0.38358,0.27868,0.86253,0.99917,1,0.995,0.95162,0.36195,0.23515,0.84762,0.0013367,0.0013367,0.0013367
69,100.927,0.37861,0.27898,0.86311,0.99913,1,0.995,0.93882,0.33678,0.21297,0.83982,0.0013268,0.0013268,0.0013268
70,102.376,0.35889,0.25811,0.84933,0.99915,1,0.995,0.96964,0.28296,0.21017,0.82567,0.0013169,0.0013169,0.0013169
71,103.823,0.37321,0.27068,0.84875,0.99903,1,0.995,0.94561,0.34764,0.2286,0.83647,0.001307,0.001307,0.001307
72,105.268,0.39638,0.2807,0.86318,0.99795,1,0.995,0.93098,0.3851,0.28155,0.8571,0.0012971,0.0012971,0.0012971
73,106.705,0.38119,0.27722,0.85964,0.99759,1,0.995,0.94267,0.31374,0.274,0.83356,0.0012872,0.0012872,0.0012872
74,108.15,0.3714,0.27389,0.85304,0.99832,1,0.995,0.94075,0.32164,0.21098,0.8313,0.0012773,0.0012773,0.0012773
75,109.603,0.37458,0.27716,0.86505,0.99912,1,0.995,0.93835,0.34414,0.23088,0.83649,0.0012674,0.0012674,0.0012674
76,111.053,0.35985,0.25963,0.84004,0.99915,1,0.995,0.94916,0.3188,0.22056,0.83389,0.0012575,0.0012575,0.0012575
77,112.496,0.41068,0.28416,0.86903,0.99914,1,0.995,0.96773,0.29006,0.2099,0.82691,0.0012476,0.0012476,0.0012476
78,113.941,0.38037,0.27865,0.8604,0.99944,1,0.995,0.96361,0.28718,0.24423,0.8286,0.0012377,0.0012377,0.0012377
79,115.387,0.35379,0.26246,0.84044,1,0.99866,0.995,0.95476,0.30659,0.27245,0.83243,0.0012278,0.0012278,0.0012278
80,116.837,0.40652,0.28739,0.87367,0.99909,1,0.995,0.95203,0.28535,0.22211,0.83072,0.0012179,0.0012179,0.0012179
81,118.282,0.34847,0.26182,0.84397,0.99906,1,0.995,0.95512,0.29877,0.21575,0.83199,0.001208,0.001208,0.001208
82,119.733,0.37231,0.2611,0.86374,0.99911,1,0.995,0.95062,0.32853,0.22242,0.83733,0.0011981,0.0011981,0.0011981
83,121.177,0.35024,0.25584,0.85412,0.99916,1,0.995,0.95253,0.32186,0.24492,0.83932,0.0011882,0.0011882,0.0011882
84,122.623,0.34917,0.26238,0.85231,0.99908,1,0.995,0.94851,0.3232,0.22342,0.83177,0.0011783,0.0011783,0.0011783
85,124.064,0.40732,0.26954,0.87657,0.99856,1,0.995,0.93853,0.3273,0.2368,0.83476,0.0011684,0.0011684,0.0011684
86,125.518,0.3497,0.25834,0.84419,0.99583,1,0.995,0.97503,0.32897,0.25648,0.82814,0.0011585,0.0011585,0.0011585
87,126.965,0.3292,0.23916,0.82789,0.99888,1,0.995,0.96961,0.3221,0.24665,0.83281,0.0011486,0.0011486,0.0011486
88,128.417,0.38076,0.26525,0.86066,0.99875,1,0.995,0.96607,0.30779,0.22252,0.83634,0.0011387,0.0011387,0.0011387
89,129.859,0.34857,0.25231,0.84423,0.99903,1,0.995,0.97037,0.29525,0.20524,0.82894,0.0011288,0.0011288,0.0011288
90,131.306,0.33837,0.24732,0.82421,0.99713,1,0.995,0.95705,0.327,0.24018,0.83459,0.0011189,0.0011189,0.0011189
91,132.743,0.35959,0.25473,0.84161,0.99801,1,0.995,0.95638,0.33468,0.23011,0.83737,0.001109,0.001109,0.001109
92,134.191,0.33305,0.23767,0.842,0.99868,1,0.995,0.95474,0.3102,0.23168,0.83223,0.0010991,0.0010991,0.0010991
93,135.629,0.36183,0.25363,0.85011,0.99854,1,0.995,0.94728,0.3384,0.23725,0.8437,0.0010892,0.0010892,0.0010892
94,137.072,0.35667,0.25813,0.85244,0.98215,1,0.99485,0.94901,0.31507,0.25449,0.83457,0.0010793,0.0010793,0.0010793
95,138.51,0.34266,0.2468,0.84853,0.99842,1,0.995,0.96303,0.3036,0.2151,0.82601,0.0010694,0.0010694,0.0010694
96,139.958,0.33981,0.25159,0.83988,0.99891,1,0.995,0.95161,0.34434,0.23295,0.85815,0.0010595,0.0010595,0.0010595
97,141.399,0.36208,0.27033,0.85569,0.99719,1,0.995,0.93716,0.35572,0.25197,0.85389,0.0010496,0.0010496,0.0010496
98,142.85,0.35138,0.25247,0.8531,1,0.98365,0.995,0.94926,0.36636,0.28096,0.86394,0.0010397,0.0010397,0.0010397
99,144.304,0.3221,0.24055,0.83702,0.99668,1,0.995,0.94547,0.354,0.28764,0.85703,0.0010298,0.0010298,0.0010298
100,145.757,0.3223,0.23592,0.83842,0.99907,1,0.995,0.94302,0.3352,0.21475,0.84474,0.0010199,0.0010199,0.0010199
101,147.201,0.34838,0.23869,0.84536,0.99892,1,0.995,0.96472,0.31118,0.20011,0.83083,0.00101,0.00101,0.00101
102,148.644,0.34681,0.24714,0.84496,0.99917,1,0.995,0.96525,0.29265,0.19506,0.82587,0.0010001,0.0010001,0.0010001
103,150.089,0.34898,0.25226,0.861,0.99915,1,0.995,0.97095,0.31056,0.20798,0.83091,0.0009902,0.0009902,0.0009902
104,151.528,0.34474,0.24024,0.83731,0.99907,1,0.995,0.96386,0.30566,0.19685,0.84181,0.0009803,0.0009803,0.0009803
105,152.967,0.3131,0.22748,0.84262,0.99884,1,0.995,0.97062,0.28133,0.20644,0.83468,0.0009704,0.0009704,0.0009704
106,154.412,0.32841,0.23835,0.83707,0.99895,1,0.995,0.97798,0.29119,0.20796,0.83712,0.0009605,0.0009605,0.0009605
107,155.876,0.32456,0.2263,0.82891,0.99894,1,0.995,0.97982,0.31233,0.2051,0.83661,0.0009506,0.0009506,0.0009506
108,157.349,0.34196,0.23764,0.84476,0.99901,1,0.995,0.97838,0.33229,0.21371,0.83163,0.0009407,0.0009407,0.0009407
109,158.787,0.32355,0.23369,0.83046,0.99893,1,0.995,0.98059,0.29035,0.1995,0.82332,0.0009308,0.0009308,0.0009308
110,160.244,0.34704,0.24226,0.86671,0.99832,1,0.995,0.96171,0.31496,0.20952,0.82761,0.0009209,0.0009209,0.0009209
111,161.693,0.34478,0.23474,0.85201,0.99881,1,0.995,0.97907,0.29214,0.20193,0.82442,0.000911,0.000911,0.000911
112,163.149,0.32744,0.23671,0.83389,0.9991,1,0.995,0.97315,0.28898,0.18237,0.82045,0.0009011,0.0009011,0.0009011
113,164.593,0.33634,0.24091,0.84856,0.999,1,0.995,0.96897,0.26392,0.20689,0.8192,0.0008912,0.0008912,0.0008912
114,166.039,0.32752,0.22617,0.84338,0.99911,1,0.995,0.9701,0.31115,0.2071,0.82654,0.0008813,0.0008813,0.0008813
115,167.487,0.31332,0.22352,0.84027,0.99896,1,0.995,0.96506,0.2921,0.19018,0.82672,0.0008714,0.0008714,0.0008714
116,168.94,0.33134,0.23042,0.83969,0.99905,1,0.995,0.97137,0.30271,0.21006,0.83403,0.0008615,0.0008615,0.0008615
117,170.38,0.30578,0.21648,0.82996,0.999,1,0.995,0.97866,0.30053,0.18653,0.83189,0.0008516,0.0008516,0.0008516
118,171.83,0.30693,0.21774,0.83969,0.99913,1,0.995,0.96976,0.29282,0.19383,0.82547,0.0008417,0.0008417,0.0008417
119,173.285,0.32358,0.22638,0.84367,0.9991,1,0.995,0.96972,0.2935,0.18675,0.82841,0.0008318,0.0008318,0.0008318
120,174.732,0.32882,0.23681,0.85215,0.99877,1,0.995,0.97952,0.30088,0.19025,0.83095,0.0008219,0.0008219,0.0008219
121,176.169,0.30197,0.21966,0.8401,0.99914,1,0.995,0.97755,0.32467,0.20611,0.83269,0.000812,0.000812,0.000812
122,177.621,0.31955,0.22312,0.84723,0.99919,1,0.995,0.96955,0.28794,0.19737,0.83039,0.0008021,0.0008021,0.0008021
123,179.066,0.3207,0.22271,0.84815,0.99917,1,0.995,0.97433,0.29951,0.20327,0.82864,0.0007922,0.0007922,0.0007922
124,180.52,0.29305,0.21941,0.82707,0.99911,1,0.995,0.97513,0.31109,0.2045,0.83622,0.0007823,0.0007823,0.0007823
125,181.96,0.33065,0.22397,0.84447,0.9991,1,0.995,0.96781,0.31618,0.20709,0.83941,0.0007724,0.0007724,0.0007724
126,183.411,0.31021,0.2194,0.84307,0.9991,1,0.995,0.96317,0.33604,0.21438,0.85456,0.0007625,0.0007625,0.0007625
127,184.853,0.32246,0.22191,0.83542,0.99912,1,0.995,0.95448,0.33459,0.21398,0.84935,0.0007526,0.0007526,0.0007526
128,186.303,0.31189,0.2202,0.83826,0.99901,1,0.995,0.96108,0.318,0.20932,0.84164,0.0007427,0.0007427,0.0007427
129,187.743,0.30887,0.22406,0.82786,0.99897,1,0.995,0.95647,0.33182,0.2211,0.8398,0.0007328,0.0007328,0.0007328
130,189.197,0.31457,0.22353,0.84073,0.99911,1,0.995,0.96361,0.31208,0.2038,0.84029,0.0007229,0.0007229,0.0007229
131,190.641,0.30558,0.22012,0.82291,0.99908,1,0.995,0.95775,0.3369,0.21165,0.83985,0.000713,0.000713,0.000713
132,192.087,0.31701,0.22202,0.8345,0.99907,1,0.995,0.94597,0.33947,0.23506,0.84262,0.0007031,0.0007031,0.0007031
133,193.528,0.30583,0.21714,0.83458,0.99907,1,0.995,0.95114,0.31917,0.20566,0.83462,0.0006932,0.0006932,0.0006932
134,194.978,0.30102,0.21353,0.84105,0.99906,1,0.995,0.95295,0.30867,0.20376,0.83522,0.0006833,0.0006833,0.0006833
135,196.425,0.31247,0.21826,0.85055,0.99915,1,0.995,0.96604,0.32901,0.1956,0.83868,0.0006734,0.0006734,0.0006734
136,197.876,0.30936,0.21529,0.83909,0.99898,1,0.995,0.97736,0.2819,0.19431,0.82813,0.0006635,0.0006635,0.0006635
137,199.324,0.30986,0.20989,0.84526,0.99896,1,0.995,0.97696,0.305,0.18814,0.83024,0.0006536,0.0006536,0.0006536
138,200.764,0.30151,0.21249,0.84103,0.99897,1,0.995,0.97352,0.28295,0.18437,0.82172,0.0006437,0.0006437,0.0006437
139,202.211,0.29089,0.20522,0.81944,0.99905,1,0.995,0.98036,0.27177,0.17711,0.8217,0.0006338,0.0006338,0.0006338
140,203.652,0.3009,0.2119,0.82407,0.99878,1,0.995,0.95787,0.30986,0.18643,0.83028,0.0006239,0.0006239,0.0006239
141,205.095,0.30605,0.21578,0.83702,0.99854,1,0.995,0.96576,0.27212,0.18014,0.82952,0.000614,0.000614,0.000614
142,206.545,0.28873,0.2039,0.81595,0.9991,1,0.995,0.97481,0.30197,0.18,0.8336,0.0006041,0.0006041,0.0006041
143,207.997,0.29671,0.2112,0.83871,0.99915,1,0.995,0.96294,0.31835,0.18289,0.83605,0.0005942,0.0005942,0.0005942
144,209.447,0.30528,0.20943,0.83994,0.99915,1,0.995,0.95892,0.3008,0.17598,0.8308,0.0005843,0.0005843,0.0005843
145,210.892,0.28496,0.20224,0.8249,0.99915,1,0.995,0.97116,0.27803,0.17253,0.82633,0.0005744,0.0005744,0.0005744
146,212.347,0.29887,0.21284,0.84134,0.99915,1,0.995,0.96764,0.29993,0.20051,0.83029,0.0005645,0.0005645,0.0005645
147,213.817,0.30409,0.20759,0.84394,0.99911,1,0.995,0.9684,0.29395,0.19658,0.83096,0.0005546,0.0005546,0.0005546
148,215.267,0.28847,0.19961,0.82686,0.99904,1,0.995,0.95312,0.29373,0.2067,0.82999,0.0005447,0.0005447,0.0005447
149,216.719,0.3009,0.20703,0.84473,0.99912,1,0.995,0.95426,0.29563,0.19844,0.8305,0.0005348,0.0005348,0.0005348
150,218.159,0.29799,0.20597,0.84136,0.99913,1,0.995,0.97014,0.28001,0.20158,0.82973,0.0005249,0.0005249,0.0005249
151,219.612,0.28485,0.20206,0.82603,0.99915,1,0.995,0.97889,0.29589,0.18035,0.8309,0.000515,0.000515,0.000515
152,221.07,0.27991,0.19312,0.83237,0.99915,1,0.995,0.97267,0.2651,0.17224,0.82622,0.0005051,0.0005051,0.0005051
153,222.514,0.2924,0.19941,0.83731,0.99917,1,0.995,0.97237,0.28324,0.18479,0.8257,0.0004952,0.0004952,0.0004952
154,223.957,0.27488,0.19696,0.83558,0.99917,1,0.995,0.97384,0.27852,0.1678,0.82417,0.0004853,0.0004853,0.0004853
155,225.408,0.28352,0.20108,0.83605,0.9991,1,0.995,0.96165,0.29115,0.17039,0.82959,0.0004754,0.0004754,0.0004754
156,226.862,0.29216,0.20532,0.83433,0.99903,1,0.995,0.96854,0.29014,0.17336,0.82904,0.0004655,0.0004655,0.0004655
157,228.301,0.26512,0.18994,0.82593,0.99918,1,0.995,0.96266,0.29084,0.18644,0.82994,0.0004556,0.0004556,0.0004556
158,229.75,0.27801,0.19592,0.82374,0.99918,1,0.995,0.96869,0.27519,0.16871,0.82995,0.0004457,0.0004457,0.0004457
159,231.202,0.29261,0.20423,0.83615,0.99914,1,0.995,0.96469,0.28801,0.17356,0.83335,0.0004358,0.0004358,0.0004358
160,232.655,0.27165,0.19873,0.82066,0.99912,1,0.995,0.97484,0.27497,0.16756,0.83012,0.0004259,0.0004259,0.0004259
161,234.094,0.27915,0.19348,0.82574,0.99908,1,0.995,0.97742,0.26509,0.16929,0.82603,0.000416,0.000416,0.000416
162,235.542,0.27767,0.1886,0.81663,0.99908,1,0.995,0.97008,0.27538,0.17145,0.8247,0.0004061,0.0004061,0.0004061
163,236.996,0.28013,0.19138,0.83491,0.99894,1,0.995,0.979,0.26887,0.16602,0.82311,0.0003962,0.0003962,0.0003962
164,238.447,0.29631,0.20627,0.84446,0.99888,1,0.995,0.97818,0.28862,0.17566,0.82242,0.0003863,0.0003863,0.0003863
165,239.884,0.27672,0.19654,0.84528,0.99902,1,0.995,0.97069,0.28767,0.17586,0.82575,0.0003764,0.0003764,0.0003764
166,241.34,0.27975,0.19603,0.83202,0.9991,1,0.995,0.95704,0.28931,0.19299,0.8267,0.0003665,0.0003665,0.0003665
167,242.796,0.28505,0.19586,0.84077,0.99914,1,0.995,0.95329,0.28698,0.19409,0.82672,0.0003566,0.0003566,0.0003566
168,244.252,0.27483,0.19345,0.8232,0.99917,1,0.995,0.97973,0.28696,0.18081,0.8269,0.0003467,0.0003467,0.0003467
169,245.697,0.28124,0.20206,0.83105,0.99917,1,0.995,0.96965,0.28929,0.18538,0.82249,0.0003368,0.0003368,0.0003368
170,247.142,0.26832,0.19304,0.81205,0.99917,1,0.995,0.96775,0.28701,0.18254,0.82382,0.0003269,0.0003269,0.0003269
171,248.604,0.26927,0.18552,0.82175,0.99917,1,0.995,0.96252,0.31296,0.19191,0.82881,0.000317,0.000317,0.000317
172,250.061,0.27346,0.18909,0.82237,0.99916,1,0.995,0.96861,0.27647,0.176,0.82652,0.0003071,0.0003071,0.0003071
173,251.51,0.27565,0.19199,0.82841,0.99914,1,0.995,0.96872,0.27502,0.1729,0.82414,0.0002972,0.0002972,0.0002972
174,252.957,0.26187,0.18603,0.82026,0.99914,1,0.995,0.97116,0.27211,0.16464,0.82426,0.0002873,0.0002873,0.0002873
175,254.402,0.25538,0.17961,0.82135,0.99916,1,0.995,0.96866,0.27674,0.15868,0.8229,0.0002774,0.0002774,0.0002774
176,255.856,0.27714,0.19388,0.83821,0.99917,1,0.995,0.9682,0.27837,0.17218,0.82189,0.0002675,0.0002675,0.0002675
177,257.296,0.26604,0.18476,0.82462,0.99917,1,0.995,0.97138,0.27898,0.1704,0.822,0.0002576,0.0002576,0.0002576
178,258.744,0.27508,0.19272,0.82875,0.99918,1,0.995,0.97636,0.27465,0.16565,0.82196,0.0002477,0.0002477,0.0002477
179,260.196,0.26453,0.18291,0.83602,0.99916,1,0.995,0.97923,0.26765,0.15312,0.82214,0.0002378,0.0002378,0.0002378
180,261.647,0.2659,0.18157,0.82072,0.99915,1,0.995,0.97509,0.26527,0.15388,0.82298,0.0002279,0.0002279,0.0002279
181,263.095,0.25899,0.17486,0.82314,0.99916,1,0.995,0.98003,0.2587,0.16055,0.82276,0.000218,0.000218,0.000218
182,264.541,0.25668,0.18093,0.81708,0.99917,1,0.995,0.98268,0.25491,0.15609,0.82365,0.0002081,0.0002081,0.0002081
183,266.005,0.26579,0.18369,0.82896,0.99917,1,0.995,0.97312,0.26179,0.16155,0.82545,0.0001982,0.0001982,0.0001982
184,267.458,0.26079,0.17795,0.82739,0.99918,1,0.995,0.97136,0.26183,0.15427,0.82598,0.0001883,0.0001883,0.0001883
185,268.902,0.24121,0.16787,0.80882,0.99919,1,0.995,0.97962,0.25841,0.15485,0.82419,0.0001784,0.0001784,0.0001784
186,270.352,0.267,0.18592,0.83056,0.99918,1,0.995,0.97114,0.26303,0.16323,0.82235,0.0001685,0.0001685,0.0001685
187,271.809,0.25381,0.17448,0.82368,0.99917,1,0.995,0.97442,0.2737,0.17536,0.8238,0.0001586,0.0001586,0.0001586
188,273.271,0.25745,0.17065,0.83551,0.99914,1,0.995,0.9749,0.26868,0.1714,0.82348,0.0001487,0.0001487,0.0001487
189,274.714,0.24395,0.16963,0.82888,0.99914,1,0.995,0.97263,0.26839,0.15917,0.82266,0.0001388,0.0001388,0.0001388
190,276.179,0.23916,0.16256,0.8207,0.99915,1,0.995,0.97451,0.26701,0.15768,0.82203,0.0001289,0.0001289,0.0001289
191,277.975,0.20254,0.14737,0.7783,0.99904,1,0.995,0.97232,0.27096,0.16261,0.8208,0.000119,0.000119,0.000119
192,279.441,0.19856,0.14451,0.774,0.9986,1,0.995,0.96818,0.26042,0.1686,0.82062,0.0001091,0.0001091,0.0001091
193,280.866,0.20499,0.14239,0.77125,0.99839,1,0.995,0.96469,0.25886,0.17033,0.82311,9.92e-05,9.92e-05,9.92e-05
194,282.308,0.20411,0.14098,0.77925,0.99835,1,0.995,0.96638,0.2644,0.17044,0.82527,8.93e-05,8.93e-05,8.93e-05
195,283.75,0.19747,0.13831,0.77891,0.99844,1,0.995,0.97003,0.27124,0.16681,0.82716,7.94e-05,7.94e-05,7.94e-05
196,285.2,0.18974,0.13224,0.77438,0.99852,1,0.995,0.97369,0.26955,0.17077,0.82832,6.95e-05,6.95e-05,6.95e-05
197,286.638,0.19703,0.1347,0.77929,0.99856,1,0.995,0.96761,0.27002,0.16899,0.82836,5.96e-05,5.96e-05,5.96e-05
198,288.076,0.19058,0.13454,0.77547,0.9986,1,0.995,0.97002,0.27144,0.17156,0.82797,4.97e-05,4.97e-05,4.97e-05
199,289.515,0.19506,0.13109,0.77714,0.99848,1,0.995,0.96865,0.27819,0.17606,0.82825,3.98e-05,3.98e-05,3.98e-05
200,290.963,0.19373,0.12839,0.77564,0.99846,1,0.995,0.96895,0.27752,0.17761,0.82634,2.99e-05,2.99e-05,2.99e-05
